,communication_round,participant,loss,acc,norm
0,0,g,1009.588967578125,0.0726,116.1570816040039
1,0.0,0.0,1008.1643582460607,0.0722521137586472,116.1570816040039
2,0.0,1.0,1041.144310028699,0.053061224489795916,116.1570816040039
3,0.0,2.0,1017.0888843201755,0.09210526315789473,116.1570816040039
4,0.0,3.0,1009.8569830303252,0.07242990654205607,116.1570816040039
5,0.0,4.0,1004.2980975667939,0.07442748091603053,116.1570816040039
6,0.0,5.0,1045.7773379715236,0.07218934911242604,116.1570816040039
7,0.0,6.0,999.5466830091411,0.07687074829931972,116.1570816040039
8,0.0,7.0,1023.4496100800993,0.06931407942238267,116.1570816040039
9,0.0,8.0,1028.9676152305628,0.07351984385165908,116.1570816040039
10,0.0,9.0,1030.5975210760946,0.0692090395480226,116.1570816040039
11,0.0,0.0,70.55099178844924,0.4196771714066103,115.73489379882812
12,0.0,1.0,152.8989183075574,0.25918367346938775,115.9364242553711
13,0.0,2.0,158.8450360214501,0.23464912280701755,115.9367904663086
14,0.0,3.0,75.15489120721074,0.411993769470405,115.75213623046875
15,0.0,4.0,155.17324689326395,0.2480916030534351,115.92398071289062
16,0.0,5.0,106.83805986212556,0.3431952662721893,115.84993743896484
17,0.0,6.0,64.90071116077657,0.43741496598639457,115.7335433959961
18,0.0,7.0,71.16455668645645,0.42454873646209385,115.75241088867188
19,0.0,8.0,61.6272497232967,0.48210800260247233,115.72858428955078
20,0.0,9.0,113.28197759423553,0.307909604519774,115.88345336914062
21,0,g,696.2172162109375,0.0789,116.07124328613281
22,1.0,0.0,42.18446250405337,0.541890853189854,115.61248016357422
23,1.0,1.0,93.45071784817442,0.37551020408163266,115.83487701416016
24,1.0,2.0,96.52713829174377,0.38596491228070173,115.83749389648438
25,1.0,3.0,45.17415502435322,0.5218068535825545,115.59637451171875
26,1.0,4.0,87.82088977143965,0.36450381679389315,115.82421875
27,1.0,5.0,67.36688555655395,0.47692307692307695,115.73019409179688
28,1.0,6.0,41.43085814495476,0.573469387755102,115.59525299072266
29,1.0,7.0,38.97230443300323,0.5595667870036101,115.6232681274414
30,1.0,8.0,35.046007879849135,0.5933636955107352,115.58233642578125
31,1.0,9.0,67.6530987152272,0.4138418079096045,115.7616195678711
32,1,g,620.5361876464843,0.0859,116.01539611816406
33,2.0,0.0,32.57840780365201,0.6041506533435819,115.54148864746094
34,2.0,1.0,75.53926696777344,0.42244897959183675,115.78456115722656
35,2.0,2.0,73.5100202058491,0.45394736842105265,115.7681884765625
36,2.0,3.0,36.06056506908571,0.5957943925233645,115.50050354003906
37,2.0,4.0,66.43223903743365,0.4351145038167939,115.7650146484375
38,2.0,5.0,52.433896162947256,0.5372781065088758,115.63536071777344
39,2.0,6.0,31.408531052230853,0.6428571428571429,115.48416137695312
40,2.0,7.0,29.608970146316913,0.6252707581227437,115.53374481201172
41,2.0,8.0,24.933298151913448,0.6584255042290176,115.54753112792969
42,2.0,9.0,51.001109193273855,0.4985875706214689,115.68804168701172
43,2,g,560.486322631836,0.0923,115.97792053222656
44,3.0,0.0,26.437968833917477,0.6625672559569562,115.53673553466797
45,3.0,1.0,67.42711617606027,0.44693877551020406,115.72301483154297
46,3.0,2.0,61.51428650973136,0.5087719298245614,115.75141143798828
47,3.0,3.0,27.932301164787507,0.6355140186915887,115.43721771240234
48,3.0,4.0,55.31071472167969,0.49809160305343514,115.70635986328125
49,3.0,5.0,43.025079941608496,0.5846153846153846,115.60346221923828
50,3.0,6.0,25.77640398199461,0.6904761904761905,115.45266723632812
51,3.0,7.0,26.625017615087625,0.6584837545126354,115.46099090576172
52,3.0,8.0,19.894488399805926,0.7052700065061809,115.47601318359375
53,3.0,9.0,41.16670800332969,0.5451977401129944,115.6480484008789
54,3,g,512.5152483642578,0.0983,115.9384994506836
55,4.0,0.0,23.18366005712065,0.6871637202152191,115.50827026367188
56,4.0,1.0,59.58056145492865,0.4775510204081633,115.65907287597656
57,4.0,2.0,56.56700281511273,0.5285087719298246,115.71231842041016
58,4.0,3.0,26.524270699402997,0.6425233644859814,115.40003967285156
59,4.0,4.0,48.55770970118865,0.5286259541984732,115.68096160888672
60,4.0,5.0,37.91087226641954,0.6118343195266273,115.53025817871094
61,4.0,6.0,22.012206315021125,0.7272108843537415,115.45199584960938
62,4.0,7.0,22.97957959226753,0.6888086642599278,115.44000244140625
63,4.0,8.0,16.746370192076682,0.7332465842550423,115.41960906982422
64,4.0,9.0,35.09943652826514,0.5805084745762712,115.5993881225586
65,4,g,471.2860602050781,0.1047,115.90054321289062
66,5.0,0.0,21.519353264025042,0.7063797079169869,115.4442367553711
67,5.0,1.0,50.44116005410953,0.5244897959183673,115.6202392578125
68,5.0,2.0,50.13766004328142,0.5635964912280702,115.67747497558594
69,5.0,3.0,23.52482138987271,0.6744548286604362,115.356201171875
70,5.0,4.0,43.16885891397491,0.5648854961832062,115.65476989746094
71,5.0,5.0,34.34917877016688,0.6414201183431952,115.51004791259766
72,5.0,6.0,19.624860995156425,0.7285714285714285,115.45003509521484
73,5.0,7.0,22.05716181180107,0.6967509025270758,115.36796569824219
74,5.0,8.0,15.983745401837878,0.7469095640858816,115.36690521240234
75,5.0,9.0,31.006836670266708,0.6045197740112994,115.5826644897461
76,5,g,431.3415744628906,0.1124,115.86148071289062
77,6.0,0.0,20.276097730890225,0.7240584166026134,115.39920806884766
78,6.0,1.0,51.284259749431996,0.5224489795918368,115.5863265991211
79,6.0,2.0,45.81429076613041,0.6118421052631579,115.63617706298828
80,6.0,3.0,22.27740407584241,0.6721183800623053,115.33683013916016
81,6.0,4.0,38.551314026344826,0.5896946564885496,115.58558654785156
82,6.0,5.0,33.694416840683076,0.6544378698224852,115.46578216552734
83,6.0,6.0,17.767944369672918,0.7503401360544217,115.4294662475586
84,6.0,7.0,19.73910460213892,0.7140794223826715,115.33344268798828
85,6.0,8.0,13.273964659765936,0.7735849056603774,115.34651947021484
86,6.0,9.0,28.252679738621254,0.632768361581921,115.52967834472656
87,6,g,390.50564833984373,0.1228,115.82767486572266
88,7.0,0.0,17.763972536324985,0.7425057647963106,115.31969451904297
89,7.0,1.0,45.96228298265107,0.5387755102040817,115.56991577148438
90,7.0,2.0,43.15331141153971,0.6118421052631579,115.59272766113281
91,7.0,3.0,20.983105692165292,0.6931464174454829,115.29964447021484
92,7.0,4.0,36.20096851669195,0.5896946564885496,115.58112335205078
93,7.0,5.0,31.239948367508205,0.659171597633136,115.43578338623047
94,7.0,6.0,15.808427150233262,0.7564625850340136,115.36237335205078
95,7.0,7.0,17.653867534954195,0.7422382671480144,115.30496978759766
96,7.0,8.0,12.780950686492622,0.785946649316851,115.30491638183594
97,7.0,9.0,26.074299332785742,0.6497175141242938,115.54426574707031
98,7,g,358.01823081054687,0.133,115.79236602783203
99,8.0,0.0,16.875715367158133,0.754803996925442,115.30914306640625
100,8.0,1.0,42.741655435367505,0.5755102040816327,115.54640197753906
101,8.0,2.0,42.158537095053155,0.6096491228070176,115.56278228759766
102,8.0,3.0,18.627544730019718,0.7204049844236761,115.29630279541016
103,8.0,4.0,33.91650042643074,0.6259541984732825,115.54965209960938
104,8.0,5.0,29.2829794618505,0.672189349112426,115.43156433105469
105,8.0,6.0,14.954518120953827,0.763265306122449,115.30935668945312
106,8.0,7.0,15.899943859224285,0.7631768953068592,115.2526626586914
107,8.0,8.0,11.527255761910354,0.8002602472348731,115.18882751464844
108,8.0,9.0,25.005716388508425,0.6638418079096046,115.51441192626953
109,8,g,324.71854913330077,0.1461,115.75537109375
110,9.0,0.0,16.061045398169714,0.754803996925442,115.28675842285156
111,9.0,1.0,40.90053928920201,0.5775510204081633,115.50570678710938
112,9.0,2.0,39.909306810613266,0.6228070175438597,115.53764343261719
113,9.0,3.0,19.012919955535843,0.7165109034267912,115.27633666992188
114,9.0,4.0,32.544904606942914,0.6450381679389313,115.54474639892578
115,9.0,5.0,27.72514337844397,0.6840236686390533,115.44385528564453
116,9.0,6.0,13.859520192048988,0.7802721088435374,115.27428436279297
117,9.0,7.0,16.078237612066715,0.771841155234657,115.18505859375
118,9.0,8.0,11.916099738748956,0.7983083929733247,115.21930694580078
119,9.0,9.0,23.097974540150098,0.692090395480226,115.47895050048828
120,9,g,295.6124561523437,0.1586,115.72358703613281
121,10.0,0.0,15.522288783525706,0.7617217524980784,115.23883056640625
122,10.0,1.0,36.78923467519332,0.6061224489795919,115.47543334960938
123,10.0,2.0,37.57432951006973,0.6403508771929824,115.4941635131836
124,10.0,3.0,17.80188754488746,0.735981308411215,115.22863006591797
125,10.0,4.0,29.973939808270405,0.6641221374045801,115.52369689941406
126,10.0,5.0,26.043498744626017,0.6982248520710059,115.41943359375
127,10.0,6.0,12.95075986714286,0.7891156462585034,115.18966674804688
128,10.0,7.0,15.713805483050296,0.7754512635379062,115.19171905517578
129,10.0,8.0,10.952271472219143,0.8061158100195186,115.191650390625
130,10.0,9.0,21.28541606967732,0.6991525423728814,115.45514678955078
131,10,g,265.36269313964846,0.1758,115.68968963623047
132,11.0,0.0,14.289471144679874,0.7778631821675634,115.23638153076172
133,11.0,1.0,36.235081045968194,0.6,115.49132537841797
134,11.0,2.0,37.08063920338949,0.6381578947368421,115.52289581298828
135,11.0,3.0,18.051954357052146,0.7375389408099688,115.22684478759766
136,11.0,4.0,28.740364831822518,0.6755725190839694,115.47869873046875
137,11.0,5.0,26.474210705277482,0.6970414201183432,115.40454864501953
138,11.0,6.0,12.168039068235021,0.8006802721088435,115.19054412841797
139,11.0,7.0,13.89743243331083,0.7913357400722022,115.1978759765625
140,11.0,8.0,9.848776778231679,0.8178269355888094,115.15815734863281
141,11.0,9.0,21.97555515052235,0.6949152542372882,115.41911315917969
142,11,g,241.2481185180664,0.1912,115.65701293945312
143,12.0,0.0,12.820619951111825,0.7878554957724827,115.26836395263672
144,12.0,1.0,34.54603109554369,0.6285714285714286,115.51060485839844
145,12.0,2.0,35.83981865330746,0.631578947368421,115.46897888183594
146,12.0,3.0,17.805035699611512,0.7406542056074766,115.17253112792969
147,12.0,4.0,28.85947939821782,0.6793893129770993,115.48422241210938
148,12.0,5.0,25.176268890200284,0.7029585798816568,115.35261535644531
149,12.0,6.0,11.435151033498803,0.7986394557823129,115.16988372802734
150,12.0,7.0,14.059119158789569,0.7805054151624549,115.18265533447266
151,12.0,8.0,9.821021296016063,0.8269355888093689,115.14562225341797
152,12.0,9.0,20.76912674122611,0.6977401129943502,115.44549560546875
153,12,g,219.47297878417967,0.2079,115.62641906738281
154,13.0,0.0,12.466316275922818,0.8032282859338971,115.24569702148438
155,13.0,1.0,33.382107325962615,0.6428571428571429,115.45205688476562
156,13.0,2.0,33.467108391878895,0.6513157894736842,115.45431518554688
157,13.0,3.0,17.37601739075325,0.7593457943925234,115.20317077636719
158,13.0,4.0,26.930198713113334,0.6984732824427481,115.45502471923828
159,13.0,5.0,22.706669246515577,0.7313609467455622,115.34825134277344
160,13.0,6.0,11.07131370039416,0.8068027210884354,115.1277084350586
161,13.0,7.0,13.41359131327605,0.7963898916967509,115.17931365966797
162,13.0,8.0,10.0633733460247,0.8256343526350033,115.18144226074219
163,13.0,9.0,21.113650138768772,0.7062146892655368,115.40644836425781
164,13,g,202.8773312133789,0.222,115.59161376953125
165,14.0,0.0,12.448128915635252,0.7940046118370484,115.24388122558594
166,14.0,1.0,32.69952682183713,0.6408163265306123,115.4046630859375
167,14.0,2.0,32.82714088339554,0.6491228070175439,115.44847869873047
168,14.0,3.0,17.54702657925377,0.7577881619937694,115.2204818725586
169,14.0,4.0,25.696522872866566,0.7137404580152672,115.40042877197266
170,14.0,5.0,22.27683158287635,0.7349112426035503,115.30892181396484
171,14.0,6.0,12.037275371421762,0.8122448979591836,115.08638000488281
172,14.0,7.0,12.93098292299126,0.7956678700361011,115.13025665283203
173,14.0,8.0,9.813326475134746,0.8295380611581002,115.15129089355469
174,14.0,9.0,20.60348922384661,0.693502824858757,115.36146545410156
175,14,g,183.09351977539063,0.242,115.56101989746094
176,15.0,0.0,12.47873437341065,0.8039969254419678,115.2666244506836
177,15.0,1.0,30.670295489564232,0.6653061224489796,115.39759826660156
178,15.0,2.0,31.076944669087727,0.6600877192982456,115.43170928955078
179,15.0,3.0,16.096445937765722,0.7718068535825545,115.2021255493164
180,15.0,4.0,24.619212012254554,0.7156488549618321,115.37335968017578
181,15.0,5.0,20.49175149590306,0.7384615384615385,115.30716705322266
182,15.0,6.0,10.988036285032345,0.8204081632653061,115.11331939697266
183,15.0,7.0,13.078198565860088,0.7942238267148014,115.11482238769531
184,15.0,8.0,10.546774242575012,0.8262849707221861,115.10546112060547
185,15.0,9.0,17.925365286358332,0.7344632768361582,115.38760375976562
186,15,g,167.3843186767578,0.2606,115.5319595336914
187,16.0,0.0,12.612043679814262,0.8032282859338971,115.15957641601562
188,16.0,1.0,27.708247344347896,0.6816326530612244,115.4048843383789
189,16.0,2.0,29.759003747973527,0.6732456140350878,115.4031753540039
190,16.0,3.0,15.054875934235403,0.7873831775700935,115.22649383544922
191,16.0,4.0,23.52187956744478,0.7041984732824428,115.37239074707031
192,16.0,5.0,20.006757350221893,0.7420118343195267,115.26561737060547
193,16.0,6.0,10.059357911713269,0.8251700680272109,115.13729858398438
194,16.0,7.0,11.828372826494466,0.8158844765342961,115.12438201904297
195,16.0,8.0,8.708508762354656,0.8425504229017566,115.07733917236328
196,16.0,9.0,17.697352694926288,0.7443502824858758,115.3815689086914
197,16,g,152.83643568115235,0.2801,115.50041961669922
198,17.0,0.0,12.048508605253321,0.8063028439661799,115.1209945678711
199,17.0,1.0,27.445895237825354,0.6918367346938775,115.36675262451172
200,17.0,2.0,27.15921800178394,0.6907894736842105,115.38553619384766
201,17.0,3.0,14.341912406627262,0.7912772585669782,115.20513153076172
202,17.0,4.0,22.5350747690856,0.7461832061068703,115.37532043457031
203,17.0,5.0,18.982115204940886,0.7562130177514793,115.21468353271484
204,17.0,6.0,10.42696072102404,0.8292517006802721,115.09729766845703
205,17.0,7.0,11.791685801206514,0.8101083032490974,115.0792465209961
206,17.0,8.0,8.457949004272361,0.8484059856864021,115.06688690185547
207,17.0,9.0,16.78448962087685,0.75,115.32887268066406
208,17,g,139.9922893737793,0.2997,115.4682388305664
209,18.0,0.0,11.467004888741833,0.8132205995388163,115.14995574951172
210,18.0,1.0,27.539339945267656,0.6795918367346939,115.34667205810547
211,18.0,2.0,25.055062026308295,0.6995614035087719,115.36554718017578
212,18.0,3.0,15.755394775176716,0.7881619937694704,115.12642669677734
213,18.0,4.0,21.42703157890844,0.7442748091603053,115.3117904663086
214,18.0,5.0,18.524271180643836,0.7633136094674556,115.2126235961914
215,18.0,6.0,9.904815232672659,0.8285714285714286,115.06005859375
216,18.0,7.0,11.400130676357099,0.8151624548736462,115.02393341064453
217,18.0,8.0,8.49116119907208,0.8373454782042941,114.99703216552734
218,18.0,9.0,16.786332270519882,0.7641242937853108,115.31649780273438
219,18,g,128.18143681030273,0.3194,115.43782806396484
220,19.0,0.0,11.600150520506824,0.8116833205226749,115.07742309570312
221,19.0,1.0,26.286543772171953,0.6959183673469388,115.32223510742188
222,19.0,2.0,25.629776946285315,0.6973684210526315,115.35722351074219
223,19.0,3.0,14.168689696588249,0.8021806853582555,115.12001037597656
224,19.0,4.0,21.482063266157194,0.75,115.28717041015625
225,19.0,5.0,18.30106453528771,0.7597633136094675,115.14057922363281
226,19.0,6.0,9.326775093792246,0.8299319727891157,115.05449676513672
227,19.0,7.0,10.95528168975231,0.8216606498194946,115.01435089111328
228,19.0,8.0,8.508041271645011,0.8458035133376708,114.9955825805664
229,19.0,9.0,15.511424808178917,0.768361581920904,115.27957916259766
230,19,g,116.35786015625,0.3424,115.40672302246094
231,20.0,0.0,11.002086080834097,0.8232129131437356,115.03291320800781
232,20.0,1.0,25.138142893265705,0.6877551020408164,115.32237243652344
233,20.0,2.0,24.21305895688241,0.7171052631578947,115.32154083251953
234,20.0,3.0,13.646581074112673,0.8060747663551402,115.04581451416016
235,20.0,4.0,20.342157247412295,0.7423664122137404,115.27310180664062
236,20.0,5.0,18.648527301133736,0.762130177514793,115.11442565917969
237,20.0,6.0,9.034427665321813,0.8374149659863945,115.0349349975586
238,20.0,7.0,10.722501038644287,0.8209386281588448,114.92386627197266
239,20.0,8.0,8.666746217430864,0.8399479505530254,115.00192260742188
240,20.0,9.0,14.724419577647064,0.7711864406779662,115.19075775146484
241,20,g,106.83197314453125,0.3623,115.37586975097656
242,21.0,0.0,10.38054114832134,0.8293620292083013,115.05071258544922
243,21.0,1.0,25.51490793033522,0.689795918367347,115.3069839477539
244,21.0,2.0,24.135734507912083,0.7192982456140351,115.28606414794922
245,21.0,3.0,13.466330647456934,0.8045171339563862,114.98514556884766
246,21.0,4.0,20.52451166487832,0.7461832061068703,115.25546264648438
247,21.0,5.0,17.240071051783815,0.7727810650887574,115.1352310180664
248,21.0,6.0,9.058540578602123,0.8435374149659864,114.98258209228516
249,21.0,7.0,9.742352588254192,0.8296028880866426,114.94844055175781
250,21.0,8.0,8.939400753574706,0.8399479505530254,115.00625610351562
251,21.0,9.0,14.959262142073637,0.7627118644067796,115.16650390625
252,21,g,96.71270037841796,0.3843,115.3469009399414
253,22.0,0.0,10.282759873157827,0.830130668716372,115.04762268066406
254,22.0,1.0,24.206247571049904,0.6959183673469388,115.27619934082031
255,22.0,2.0,21.640813330809276,0.7324561403508771,115.27210235595703
256,22.0,3.0,14.767426607393402,0.7873831775700935,114.94767761230469
257,22.0,4.0,18.778816412423403,0.75,115.20379638671875
258,22.0,5.0,16.522857878194053,0.7739644970414201,115.13103485107422
259,22.0,6.0,8.886149364263833,0.8401360544217688,114.94258117675781
260,22.0,7.0,10.348223804230996,0.8252707581227436,114.9910888671875
261,22.0,8.0,8.975505625340716,0.8471047495120364,114.9366455078125
262,22.0,9.0,14.498951421619136,0.7853107344632768,115.19143676757812
263,22,g,86.81939179077149,0.4101,115.31755828857422
264,23.0,0.0,9.640558447313712,0.8424289008455035,114.98954772949219
265,23.0,1.0,24.874048396519253,0.6816326530612244,115.26470947265625
266,23.0,2.0,21.372629935281317,0.7346491228070176,115.25241088867188
267,23.0,3.0,12.76235626345483,0.8154205607476636,114.9483642578125
268,23.0,4.0,18.572290471563015,0.7633587786259542,115.15711975097656
269,23.0,5.0,16.874325647297695,0.7668639053254438,115.11790466308594
270,23.0,6.0,8.532948629101929,0.8469387755102041,114.90990447998047
271,23.0,7.0,10.26786041535195,0.828158844765343,114.95038604736328
272,23.0,8.0,8.738821260480812,0.8529603122966819,114.8897933959961
273,23.0,9.0,14.275249265681552,0.769774011299435,115.16863250732422
274,23,g,80.87175085449219,0.4283,115.2919921875
275,24.0,0.0,9.3214895107671,0.8416602613374328,114.9781494140625
276,24.0,1.0,22.060550207021286,0.7122448979591837,115.22636413574219
277,24.0,2.0,22.215787201596978,0.7149122807017544,115.23210906982422
278,24.0,3.0,11.171451528495718,0.8255451713395638,114.96743774414062
279,24.0,4.0,16.914275664409608,0.7729007633587787,115.12577056884766
280,24.0,5.0,15.867549611830853,0.7739644970414201,115.11766815185547
281,24.0,6.0,7.923898301270512,0.85578231292517,114.8951644897461
282,24.0,7.0,10.355792000491697,0.8231046931407943,114.91718292236328
283,24.0,8.0,9.011522037764223,0.8360442420299284,114.88261413574219
284,24.0,9.0,13.48841214045293,0.786723163841808,115.1318588256836
285,24,g,73.69752923431396,0.4499,115.26699829101562
286,25.0,0.0,10.329694419526577,0.8308993082244427,114.96739959716797
287,25.0,1.0,22.05713820944027,0.7163265306122449,115.20936584472656
288,25.0,2.0,20.860036431697377,0.7324561403508771,115.2013931274414
289,25.0,3.0,12.49826354623955,0.8060747663551402,115.00321197509766
290,25.0,4.0,17.410074150289287,0.7614503816793893,115.10865020751953
291,25.0,5.0,15.341726129294852,0.7727810650887574,115.09034729003906
292,25.0,6.0,7.670700131640547,0.863265306122449,114.93180084228516
293,25.0,7.0,9.906615197400324,0.8346570397111913,114.91947937011719
294,25.0,8.0,7.781789296931389,0.8627195836044242,114.87006378173828
295,25.0,9.0,13.22634088656323,0.7810734463276836,115.1135025024414
296,25,g,66.99655102539063,0.4723,115.23851776123047
297,26.0,0.0,9.41721040518993,0.8485780169100692,114.94489288330078
298,26.0,1.0,20.76623289147202,0.7326530612244898,115.17011260986328
299,26.0,2.0,18.201029424081767,0.7456140350877193,115.179931640625
300,26.0,3.0,12.859796876105193,0.807632398753894,114.90780639648438
301,26.0,4.0,16.60942696433031,0.7729007633587787,115.08194732666016
302,26.0,5.0,15.175728742610774,0.7810650887573964,115.06537628173828
303,26.0,6.0,7.637171529932898,0.85578231292517,114.88864135742188
304,26.0,7.0,9.597147675251271,0.836101083032491,114.94488525390625
305,26.0,8.0,7.691950524115617,0.8659726740403383,114.85722351074219
306,26.0,9.0,12.43908288081487,0.8008474576271186,115.07905578613281
307,26,g,61.95585140228272,0.4899,115.21652221679688
308,27.0,0.0,8.18340870401293,0.8508839354342813,114.93871307373047
309,27.0,1.0,19.470040297994807,0.7326530612244898,115.12609100341797
310,27.0,2.0,18.05756994715908,0.75,115.15461730957031
311,27.0,3.0,10.988106973446047,0.8216510903426791,114.88430786132812
312,27.0,4.0,16.654311973630016,0.7748091603053435,115.07030487060547
313,27.0,5.0,14.260950421440532,0.7940828402366864,115.04493713378906
314,27.0,6.0,7.582621002197266,0.8625850340136054,114.87094116210938
315,27.0,7.0,8.60286464174732,0.8563176895306859,114.87858581542969
316,27.0,8.0,7.693555537492482,0.863370201691607,114.7874984741211
317,27.0,9.0,13.565167408205022,0.7909604519774012,115.08605194091797
318,27,g,57.4632517288208,0.506,115.1888198852539
319,28.0,0.0,8.664096919369559,0.8493466564181399,114.90130615234375
320,28.0,1.0,19.048590579811407,0.726530612244898,115.06977844238281
321,28.0,2.0,16.830839843080756,0.7521929824561403,115.15035247802734
322,28.0,3.0,11.2142237265162,0.8154205607476636,114.84686279296875
323,28.0,4.0,15.73068276980451,0.7824427480916031,115.0713882446289
324,28.0,5.0,14.329943752853122,0.7964497041420119,114.97535705566406
325,28.0,6.0,7.258293583157922,0.8591836734693877,114.87351989746094
326,28.0,7.0,8.501500616090823,0.8505415162454874,114.78593444824219
327,28.0,8.0,7.349386638530913,0.8711776187378009,114.82833099365234
328,28.0,9.0,12.424510538241284,0.8022598870056498,115.0692138671875
329,28,g,53.09235524978638,0.5235,115.1671371459961
330,29.0,0.0,8.249600260568634,0.8547271329746349,114.88878631591797
331,29.0,1.0,18.77909811370227,0.7428571428571429,115.03936004638672
332,29.0,2.0,16.287713251615827,0.7609649122807017,115.14110565185547
333,29.0,3.0,11.789622208782445,0.8052959501557633,114.91801452636719
334,29.0,4.0,14.670077542312272,0.799618320610687,115.07010650634766
335,29.0,5.0,13.783607249288163,0.7976331360946746,114.9558334350586
336,29.0,6.0,6.704157624196033,0.8605442176870748,114.81974792480469
337,29.0,7.0,8.125533297259885,0.8476534296028881,114.77507781982422
338,29.0,8.0,7.740093799190718,0.8516590761223162,114.8184814453125
339,29.0,9.0,12.207356560701704,0.8050847457627118,115.04486083984375
340,29,g,49.13995217132568,0.5414,115.14344787597656
341,30.0,0.0,8.293094192991616,0.8554957724827056,114.92210388183594
342,30.0,1.0,19.522275527642698,0.7285714285714285,115.03585052490234
343,30.0,2.0,15.902345159597564,0.7631578947368421,115.12773132324219
344,30.0,3.0,9.933909986667173,0.8317757009345794,114.83153533935547
345,30.0,4.0,14.543544723787381,0.7977099236641222,115.05956268310547
346,30.0,5.0,13.313725348478238,0.7964497041420119,114.9771728515625
347,30.0,6.0,6.737405480814425,0.8564625850340136,114.81938934326172
348,30.0,7.0,7.978816745083255,0.8563176895306859,114.78137969970703
349,30.0,8.0,7.429177847634528,0.863370201691607,114.83465576171875
350,30.0,9.0,10.890887621432375,0.826271186440678,115.02863311767578
351,30,g,45.758504373931885,0.5582,115.12149047851562
352,31.0,0.0,8.224447190532494,0.851652574942352,114.91478729248047
353,31.0,1.0,18.006755867782903,0.7428571428571429,115.01313018798828
354,31.0,2.0,14.186026380773177,0.7807017543859649,115.10297393798828
355,31.0,3.0,10.513921205871203,0.8302180685358256,114.87213134765625
356,31.0,4.0,14.665211341898347,0.799618320610687,115.0385971069336
357,31.0,5.0,12.49628788423256,0.8071005917159764,114.95310974121094
358,31.0,6.0,6.822231751396543,0.8598639455782313,114.84992980957031
359,31.0,7.0,8.189436515229703,0.8454873646209387,114.78339385986328
360,31.0,8.0,6.834831271085479,0.8679245283018868,114.8012466430664
361,31.0,9.0,12.453095473812125,0.807909604519774,114.99641418457031
362,31,g,42.835666500854494,0.5736,115.09849548339844
363,32.0,0.0,7.975373667175065,0.857033051498847,114.87779998779297
364,32.0,1.0,17.285447323079012,0.763265306122449,115.03265380859375
365,32.0,2.0,15.010942676611114,0.7894736842105263,115.06692504882812
366,32.0,3.0,10.460030990968983,0.8255451713395638,114.80540466308594
367,32.0,4.0,14.581834261653988,0.799618320610687,114.97992706298828
368,32.0,5.0,12.067043394732051,0.808284023668639,114.91422271728516
369,32.0,6.0,6.718955971335754,0.8673469387755102,114.79122161865234
370,32.0,7.0,7.971469552766545,0.8620938628158845,114.79206848144531
371,32.0,8.0,7.002995772104257,0.8620689655172413,114.76168060302734
372,32.0,9.0,13.065905581833531,0.8008474576271186,114.97550201416016
373,32,g,39.752961881256105,0.591,115.07723236083984
374,33.0,0.0,7.783460420750362,0.865488086087625,114.85525512695312
375,33.0,1.0,16.99537014863929,0.7591836734693878,115.00543212890625
376,33.0,2.0,14.772929156035708,0.7719298245614035,115.06651306152344
377,33.0,3.0,8.893255698718015,0.8387850467289719,114.8349380493164
378,33.0,4.0,14.258334874196818,0.8129770992366412,114.94368743896484
379,33.0,5.0,13.576602034032698,0.7846153846153846,114.89568328857422
380,33.0,6.0,6.931584202918876,0.8591836734693877,114.77020263671875
381,33.0,7.0,7.730098735113437,0.8635379061371841,114.69187927246094
382,33.0,8.0,7.016744157054563,0.8607677293428757,114.70629119873047
383,33.0,9.0,10.768769102949795,0.8163841807909604,114.96123504638672
384,33,g,37.06800918960571,0.6086,115.05646514892578
385,34.0,0.0,7.82303288787443,0.8608762490392006,114.83613586425781
386,34.0,1.0,16.654147447858538,0.7571428571428571,114.97364044189453
387,34.0,2.0,14.933514526064851,0.7719298245614035,115.02422332763672
388,34.0,3.0,9.190388172705342,0.839563862928349,114.7955322265625
389,34.0,4.0,13.422633100101965,0.8072519083969466,114.92345428466797
390,34.0,5.0,11.899351846819092,0.8165680473372781,114.85862731933594
391,34.0,6.0,6.560745575963234,0.8666666666666667,114.76129913330078
392,34.0,7.0,7.596320044039328,0.8685920577617329,114.7073745727539
393,34.0,8.0,6.527357096177275,0.8718282368249838,114.67875671386719
394,34.0,9.0,10.54934858583903,0.8234463276836158,114.95063018798828
395,34,g,34.29678624572754,0.6225,115.03640747070312
396,35.0,0.0,7.5318271808154575,0.8677940046118371,114.7973861694336
397,35.0,1.0,15.44809616244569,0.773469387755102,114.96268463134766
398,35.0,2.0,14.59376023108499,0.7763157894736842,115.01701354980469
399,35.0,3.0,8.95158592859904,0.8434579439252337,114.73766326904297
400,35.0,4.0,13.371998503007962,0.7958015267175572,114.94447326660156
401,35.0,5.0,11.550347101335694,0.8248520710059172,114.84862518310547
402,35.0,6.0,6.311095566747292,0.8687074829931973,114.71866607666016
403,35.0,7.0,7.726631417181937,0.8505415162454874,114.72651672363281
404,35.0,8.0,6.5295381899692835,0.8711776187378009,114.65805053710938
405,35.0,9.0,10.313415791355284,0.8290960451977402,114.90614318847656
406,35,g,31.709525923728943,0.6359,115.01490020751953
407,36.0,0.0,7.2117598106731,0.8685626441199078,114.7879867553711
408,36.0,1.0,15.545604145283601,0.7755102040816326,114.95375061035156
409,36.0,2.0,13.943463275176391,0.7719298245614035,114.98680114746094
410,36.0,3.0,9.88598117866224,0.8247663551401869,114.73927307128906
411,36.0,4.0,12.489322462296895,0.8034351145038168,114.9404296875
412,36.0,5.0,11.461820004254403,0.8094674556213017,114.85688781738281
413,36.0,6.0,6.614199260789521,0.8625850340136054,114.67051696777344
414,36.0,7.0,7.296492249795676,0.855595667870036,114.71297454833984
415,36.0,8.0,6.273416062493408,0.8750813272608978,114.64987182617188
416,36.0,9.0,10.187720164067327,0.8220338983050848,114.84765625
417,36,g,29.45699838132858,0.6502,114.99459838867188
418,37.0,0.0,6.852881077212212,0.8747117601844735,114.74349975585938
419,37.0,1.0,14.482065683481645,0.7714285714285715,114.92994689941406
420,37.0,2.0,13.078533607616759,0.8004385964912281,114.95769500732422
421,37.0,3.0,10.120169743199215,0.8333333333333334,114.71680450439453
422,37.0,4.0,11.820456599461213,0.8206106870229007,114.91377258300781
423,37.0,5.0,11.8281870523754,0.8059171597633136,114.82691955566406
424,37.0,6.0,5.9312640863210975,0.8707482993197279,114.64857482910156
425,37.0,7.0,7.512299005391365,0.8534296028880867,114.70288848876953
426,37.0,8.0,6.384449339874704,0.8770331815224464,114.64225769042969
427,37.0,9.0,11.044140139542057,0.8121468926553672,114.82691192626953
428,37,g,27.71612903995514,0.6626,114.97126770019531
429,38.0,0.0,6.932505985482852,0.8700999231360492,114.72899627685547
430,38.0,1.0,13.19803134762511,0.7877551020408163,114.89412689208984
431,38.0,2.0,13.509278125930251,0.7916666666666666,114.93048858642578
432,38.0,3.0,8.458959028089993,0.8457943925233645,114.71424102783203
433,38.0,4.0,11.637513299024741,0.8263358778625954,114.90101623535156
434,38.0,5.0,10.85795028618807,0.8201183431952662,114.82462310791016
435,38.0,6.0,6.264022278415711,0.8700680272108844,114.64788818359375
436,38.0,7.0,7.317187196269021,0.8548736462093863,114.6886215209961
437,38.0,8.0,6.254579864854384,0.8718282368249838,114.6634750366211
438,38.0,9.0,10.070585606461865,0.8333333333333334,114.81031799316406
439,38,g,25.94722175270319,0.6757,114.95304107666016
440,39.0,0.0,7.009464593918108,0.8777863182167563,114.69911193847656
441,39.0,1.0,12.922932717264915,0.7959183673469388,114.87682342529297
442,39.0,2.0,12.787937082938457,0.793859649122807,114.89790344238281
443,39.0,3.0,9.035910958779079,0.838006230529595,114.67974090576172
444,39.0,4.0,11.763522233671814,0.8301526717557252,114.90122985839844
445,39.0,5.0,10.33403931115506,0.8224852071005917,114.78923797607422
446,39.0,6.0,6.430203534325248,0.8646258503401361,114.65444946289062
447,39.0,7.0,6.938851281494871,0.8563176895306859,114.68701171875
448,39.0,8.0,7.010873761670343,0.8640208197787899,114.64441680908203
449,39.0,9.0,10.107448106431692,0.826271186440678,114.77906036376953
450,39,g,24.251126992734893,0.6887,114.935791015625
451,40.0,0.0,6.482522776907309,0.8777863182167563,114.70909118652344
452,40.0,1.0,12.69363556297458,0.7918367346938775,114.84554290771484
453,40.0,2.0,12.397706531641775,0.7982456140350878,114.88536834716797
454,40.0,3.0,8.983569754422481,0.839563862928349,114.70648193359375
455,40.0,4.0,12.332774216892155,0.8282442748091603,114.91033172607422
456,40.0,5.0,10.128067366681861,0.8284023668639053,114.79016876220703
457,40.0,6.0,5.7046644692936415,0.8850340136054422,114.62171173095703
458,40.0,7.0,6.667828163257145,0.8613718411552347,114.63436889648438
459,40.0,8.0,6.808146066609806,0.8594664931685101,114.68363189697266
460,40.0,9.0,9.37118530004038,0.8319209039548022,114.77708435058594
461,40,g,22.710699471759796,0.7028,114.91664123535156
462,41.0,0.0,6.58248885231326,0.8731744811683321,114.66436767578125
463,41.0,1.0,12.0531563389058,0.8020408163265306,114.79339599609375
464,41.0,2.0,12.424473599383706,0.7960526315789473,114.86866760253906
465,41.0,3.0,8.870095097793504,0.8434579439252337,114.69829559326172
466,41.0,4.0,10.914100281154836,0.8301526717557252,114.8816909790039
467,41.0,5.0,10.049741327673201,0.8402366863905325,114.76307678222656
468,41.0,6.0,5.967440761514261,0.8755102040816326,114.61426544189453
469,41.0,7.0,6.49459750987623,0.8729241877256317,114.63654327392578
470,41.0,8.0,5.705303094723663,0.8750813272608978,114.61735534667969
471,41.0,9.0,9.975399696220785,0.8305084745762712,114.77751159667969
472,41,g,21.34342563165724,0.7138,114.89877319335938
473,42.0,0.0,6.523071784401731,0.8716372021521906,114.6632080078125
474,42.0,1.0,11.928235314816845,0.8061224489795918,114.75180053710938
475,42.0,2.0,12.522118552734977,0.8070175438596491,114.84538269042969
476,42.0,3.0,7.889609584323714,0.8457943925233645,114.66728210449219
477,42.0,4.0,10.792641384910992,0.8263358778625954,114.84357452392578
478,42.0,5.0,10.20153765706621,0.834319526627219,114.72205352783203
479,42.0,6.0,5.709264219618168,0.8829931972789116,114.61326599121094
480,42.0,7.0,6.547712470209125,0.8628158844765343,114.61078643798828
481,42.0,8.0,5.76238715960829,0.8776837996096292,114.63341522216797
482,42.0,9.0,9.168758326331101,0.8290960451977402,114.75492858886719
483,42,g,20.09099051869847,0.7236,114.87765502929688
484,43.0,0.0,6.51881067485167,0.8708685626441199,114.66835021972656
485,43.0,1.0,11.969034093740035,0.8081632653061225,114.74688720703125
486,43.0,2.0,10.688513366799606,0.8267543859649122,114.81517028808594
487,43.0,3.0,8.899913876041817,0.8426791277258567,114.65837097167969
488,43.0,4.0,10.433295399178075,0.833969465648855,114.8044204711914
489,43.0,5.0,10.075890122362848,0.8437869822485207,114.71678924560547
490,43.0,6.0,5.893892912001137,0.8782312925170068,114.58690643310547
491,43.0,7.0,6.7192796190830775,0.8570397111913357,114.60089111328125
492,43.0,8.0,5.416478212731336,0.8815875081327261,114.55674743652344
493,43.0,9.0,9.96119043786647,0.827683615819209,114.72994995117188
494,43,g,18.963531606674195,0.7343,114.85594940185547
495,44.0,0.0,6.6660833433442255,0.8739431206764028,114.63507080078125
496,44.0,1.0,11.308037360833616,0.8040816326530612,114.74238586425781
497,44.0,2.0,11.30130690860709,0.8114035087719298,114.80432891845703
498,44.0,3.0,8.57846043637237,0.8512461059190031,114.64686584472656
499,44.0,4.0,9.980088219387842,0.8358778625954199,114.78485870361328
500,44.0,5.0,9.425640342080381,0.8437869822485207,114.6711196899414
501,44.0,6.0,6.491124390744838,0.8741496598639455,114.56451416015625
502,44.0,7.0,6.398348126091847,0.8635379061371841,114.59740447998047
503,44.0,8.0,5.498183007771607,0.8861418347430059,114.54056549072266
504,44.0,9.0,9.355440872537214,0.847457627118644,114.73109436035156
505,44,g,18.03522669944763,0.7426,114.8399887084961
506,45.0,0.0,6.313478924328322,0.883935434281322,114.59880065917969
507,45.0,1.0,11.730648482575708,0.8122448979591836,114.74999237060547
508,45.0,2.0,11.177262404508758,0.8289473684210527,114.7720718383789
509,45.0,3.0,8.602212694946479,0.8442367601246106,114.63166046142578
510,45.0,4.0,9.88508999802684,0.8416030534351145,114.79911041259766
511,45.0,5.0,9.407813923746607,0.8532544378698225,114.69872283935547
512,45.0,6.0,5.356813021095432,0.8748299319727891,114.52007293701172
513,45.0,7.0,6.066170625996504,0.8628158844765343,114.56724548339844
514,45.0,8.0,5.2263995731466295,0.8874430709173715,114.53214263916016
515,45.0,9.0,8.158225539208805,0.8573446327683616,114.6965103149414
516,45,g,17.062756514358522,0.7518,114.82051849365234
517,46.0,0.0,6.188612934995119,0.8847040737893928,114.5738296508789
518,46.0,1.0,11.375385700926488,0.7979591836734694,114.74998474121094
519,46.0,2.0,10.433279179690176,0.8333333333333334,114.71582794189453
520,46.0,3.0,8.369991146515463,0.8520249221183801,114.59982299804688
521,46.0,4.0,10.571234026028,0.8225190839694656,114.78511047363281
522,46.0,5.0,9.346496902626647,0.8591715976331361,114.68270874023438
523,46.0,6.0,5.556549751515291,0.8755102040816326,114.44448852539062
524,46.0,7.0,6.24157725045397,0.8628158844765343,114.50826263427734
525,46.0,8.0,5.061473383559139,0.8802862719583604,114.51660919189453
526,46.0,9.0,8.807047138106352,0.8403954802259888,114.67009735107422
527,46,g,16.23785551352501,0.7598,114.80159759521484
528,47.0,0.0,6.2530708773881996,0.8816295157571099,114.60273742675781
529,47.0,1.0,11.221478396045919,0.8142857142857143,114.72926330566406
530,47.0,2.0,9.80753435586628,0.8421052631578947,114.70787811279297
531,47.0,3.0,7.659313856539917,0.8574766355140186,114.59654998779297
532,47.0,4.0,9.558106662662885,0.8358778625954199,114.75447845458984
533,47.0,5.0,8.97144269767099,0.8473372781065088,114.6758041381836
534,47.0,6.0,5.453841862852881,0.882312925170068,114.49454498291016
535,47.0,7.0,6.3455620707157285,0.8628158844765343,114.51350402832031
536,47.0,8.0,5.360641743591815,0.8815875081327261,114.50025177001953
537,47.0,9.0,7.705111145973206,0.8559322033898306,114.6574935913086
538,47,g,15.446474769425393,0.7648,114.78453826904297
539,48.0,0.0,6.4581191795237425,0.8800922367409685,114.60169982910156
540,48.0,1.0,11.33505178997103,0.8163265306122449,114.71815490722656
541,48.0,2.0,10.413870571981787,0.8201754385964912,114.69398498535156
542,48.0,3.0,6.973970953177812,0.8637071651090342,114.56486511230469
543,48.0,4.0,8.586207120473148,0.8492366412213741,114.71480560302734
544,48.0,5.0,8.427178481062489,0.8520710059171598,114.64833068847656
545,48.0,6.0,5.918555876551842,0.8707482993197279,114.458251953125
546,48.0,7.0,5.765979294484273,0.8758122743682311,114.53811645507812
547,48.0,8.0,5.072337909524675,0.8887443070917371,114.47726440429688
548,48.0,9.0,8.995825525057517,0.8432203389830508,114.63360595703125
549,48,g,14.826252956104279,0.7713,114.76539611816406
550,49.0,0.0,6.018491637858754,0.8747117601844735,114.64212036132812
551,49.0,1.0,11.451552544807901,0.7979591836734694,114.71238708496094
552,49.0,2.0,10.58135041226945,0.8135964912280702,114.67640686035156
553,49.0,3.0,7.946055285887926,0.8419003115264797,114.59124755859375
554,49.0,4.0,9.539205845985704,0.8454198473282443,114.69573974609375
555,49.0,5.0,8.450791345827678,0.8627218934911243,114.62521362304688
556,49.0,6.0,5.844343217862695,0.8700680272108844,114.46290588378906
557,49.0,7.0,6.2071462014306755,0.8613718411552347,114.56637573242188
558,49.0,8.0,4.912502184578096,0.8900455432661027,114.4293212890625
559,49.0,9.0,7.739917055361689,0.8629943502824858,114.58602142333984
560,49,g,14.129951618471742,0.7774,114.74551391601562
561,50.0,0.0,5.8812180441402635,0.8739431206764028,114.64714050292969
562,50.0,1.0,11.451645913416026,0.8122448979591836,114.69406127929688
563,50.0,2.0,10.030040567132394,0.8333333333333334,114.66486358642578
564,50.0,3.0,7.183624569939198,0.8512461059190031,114.57424926757812
565,50.0,4.0,9.200787191172592,0.8435114503816794,114.7015609741211
566,50.0,5.0,8.594570102000377,0.8532544378698225,114.6142349243164
567,50.0,6.0,5.3435317117559284,0.8775510204081632,114.4871597290039
568,50.0,7.0,5.9635981232681,0.8765342960288809,114.54991149902344
569,50.0,8.0,5.187820033053042,0.8880936890045543,114.43731689453125
570,50.0,9.0,7.898662111853476,0.8559322033898306,114.59959411621094
571,50,g,13.542166840028763,0.7856,114.72523498535156
572,51.0,0.0,6.187977131653712,0.8785549577248271,114.64278411865234
573,51.0,1.0,11.268311395450514,0.8244897959183674,114.67707824707031
574,51.0,2.0,9.384909684442958,0.8486842105263158,114.6700668334961
575,51.0,3.0,7.305251176483535,0.8535825545171339,114.59310150146484
576,51.0,4.0,8.884305375222942,0.8396946564885496,114.68773651123047
577,51.0,5.0,8.140885776316626,0.8544378698224852,114.57881164550781
578,51.0,6.0,5.124690310160319,0.8829931972789116,114.4863052368164
579,51.0,7.0,6.884629234424136,0.8483754512635379,114.54440307617188
580,51.0,8.0,5.299693492301187,0.8887443070917371,114.42476654052734
581,51.0,9.0,8.111376840515998,0.8516949152542372,114.58284759521484
582,51,g,13.030129156327247,0.7921,114.70748138427734
583,52.0,0.0,6.107735722913456,0.8685626441199078,114.62036895751953
584,52.0,1.0,10.685834573239696,0.8244897959183674,114.6355972290039
585,52.0,2.0,8.855129045875449,0.8442982456140351,114.6403579711914
586,52.0,3.0,7.24742360040327,0.8442367601246106,114.55242919921875
587,52.0,4.0,8.767715774419653,0.8530534351145038,114.69276428222656
588,52.0,5.0,7.722450714174812,0.8627218934911243,114.5701675415039
589,52.0,6.0,4.943936487510056,0.882312925170068,114.43968963623047
590,52.0,7.0,5.919126601455695,0.8779783393501805,114.5507583618164
591,52.0,8.0,5.0556655079029404,0.8932986337020169,114.33708953857422
592,52.0,9.0,7.514686630944074,0.8601694915254238,114.6026611328125
593,52,g,12.464999693785607,0.7974,114.69002532958984
594,53.0,0.0,5.568352515008199,0.8808608762490392,114.56982421875
595,53.0,1.0,10.492037855240763,0.8204081632653061,114.60906982421875
596,53.0,2.0,8.664801482568707,0.8377192982456141,114.612548828125
597,53.0,3.0,6.452094278794426,0.866822429906542,114.5016098022461
598,53.0,4.0,8.726587939808386,0.8473282442748091,114.67575073242188
599,53.0,5.0,7.923602687677688,0.8591715976331361,114.57273864746094
600,53.0,6.0,5.148156502133324,0.8775510204081632,114.43701171875
601,53.0,7.0,6.255144501808318,0.8671480144404332,114.5373764038086
602,53.0,8.0,4.9373641629923295,0.8893949251789199,114.30909729003906
603,53.0,9.0,7.632349190738915,0.865819209039548,114.63084411621094
604,53,g,12.050342984212186,0.8016,114.67219543457031
605,54.0,0.0,5.625053415291132,0.8877786318216756,114.51090240478516
606,54.0,1.0,10.172559909431302,0.8163265306122449,114.5931396484375
607,54.0,2.0,8.482905178739314,0.8552631578947368,114.60795593261719
608,54.0,3.0,5.894362128040872,0.8730529595015576,114.46524047851562
609,54.0,4.0,8.10416497529008,0.8606870229007634,114.66600799560547
610,54.0,5.0,7.556769119352984,0.8674556213017751,114.56513214111328
611,54.0,6.0,4.830533197299153,0.8884353741496599,114.42739868164062
612,54.0,7.0,5.883385246152912,0.8664259927797834,114.52288055419922
613,54.0,8.0,4.891482709364683,0.8926480156148341,114.2515869140625
614,54.0,9.0,7.7217990665112515,0.8531073446327684,114.59355163574219
615,54,g,11.567277117929299,0.8066,114.65275573730469
616,55.0,0.0,5.501771770744118,0.8916218293620292,114.4594497680664
617,55.0,1.0,10.607884813814747,0.8142857142857143,114.57182312011719
618,55.0,2.0,7.956207936270195,0.8442982456140351,114.58849334716797
619,55.0,3.0,5.85553137312797,0.8714953271028038,114.45783233642578
620,55.0,4.0,8.270870189857664,0.8587786259541985,114.63497924804688
621,55.0,5.0,7.78124450593305,0.8650887573964497,114.57848358154297
622,55.0,6.0,5.099560804431941,0.8836734693877552,114.42998504638672
623,55.0,7.0,5.428511246014523,0.8794223826714801,114.50009155273438
624,55.0,8.0,4.987859032296793,0.8880936890045543,114.24928283691406
625,55.0,9.0,6.638108390872762,0.864406779661017,114.57319641113281
626,55,g,11.099959725243947,0.8121,114.63382720947266
627,56.0,0.0,5.362964608959722,0.8900845503458877,114.4392318725586
628,56.0,1.0,11.139871191754315,0.8122448979591836,114.56505584716797
629,56.0,2.0,9.18626812675543,0.8530701754385965,114.57782745361328
630,56.0,3.0,6.413711134422494,0.8629283489096573,114.43646240234375
631,56.0,4.0,7.498609570072869,0.8683206106870229,114.61627197265625
632,56.0,5.0,7.31100851311927,0.8686390532544379,114.56501770019531
633,56.0,6.0,5.008084064879171,0.8789115646258503,114.3980712890625
634,56.0,7.0,5.080795773750824,0.8873646209386281,114.47882080078125
635,56.0,8.0,4.559096312311538,0.8939492517891997,114.25716400146484
636,56.0,9.0,8.022639455094849,0.844632768361582,114.57479095458984
637,56,g,10.701503018121823,0.8165,114.61782836914062
638,57.0,0.0,5.572031699172539,0.8854727132974635,114.46115112304688
639,57.0,1.0,10.177358471617406,0.8204081632653061,114.52689361572266
640,57.0,2.0,8.206727692955418,0.8574561403508771,114.54798889160156
641,57.0,3.0,6.449406674532133,0.8566978193146417,114.40055084228516
642,57.0,4.0,7.655304079662066,0.8645038167938931,114.60236358642578
643,57.0,5.0,7.519572874778119,0.863905325443787,114.52574920654297
644,57.0,6.0,5.153316911102152,0.8734693877551021,114.37336730957031
645,57.0,7.0,6.0306096051197065,0.8657039711191336,114.48748779296875
646,57.0,8.0,4.670141952445453,0.8919973975276513,114.30708312988281
647,57.0,9.0,7.564855968884829,0.8531073446327684,114.58941650390625
648,57,g,10.408466023029362,0.8188,114.60004425048828
649,58.0,0.0,5.732875885182761,0.8923904688700999,114.47444152832031
650,58.0,1.0,9.028477139375648,0.8367346938775511,114.50572204589844
651,58.0,2.0,7.135554257845669,0.8596491228070176,114.53814697265625
652,58.0,3.0,5.809063210294254,0.8652647975077882,114.37918090820312
653,58.0,4.0,7.949260253032655,0.8587786259541985,114.59342956542969
654,58.0,5.0,7.416794680984768,0.8662721893491124,114.4948501586914
655,58.0,6.0,4.7167447197194,0.8884353741496599,114.40770721435547
656,58.0,7.0,5.422619838232598,0.8758122743682311,114.50011444091797
657,58.0,8.0,4.45290002780412,0.8939492517891997,114.27418518066406
658,58.0,9.0,7.142388117515434,0.8587570621468926,114.53472137451172
659,58,g,10.119666622939445,0.821,114.58679962158203
660,59.0,0.0,5.343754603439437,0.8962336664104535,114.5260009765625
661,59.0,1.0,9.183248216278699,0.8387755102040816,114.50524139404297
662,59.0,2.0,6.8516443361315815,0.8618421052631579,114.513671875
663,59.0,3.0,6.705461653204763,0.8512461059190031,114.40161895751953
664,59.0,4.0,7.092623736112173,0.8664122137404581,114.58436584472656
665,59.0,5.0,7.175596412028101,0.8721893491124261,114.49243927001953
666,59.0,6.0,4.691751132773704,0.8775510204081632,114.38896942138672
667,59.0,7.0,5.751660283673757,0.8714801444043321,114.49644470214844
668,59.0,8.0,4.680332499456908,0.8945998698763825,114.27011108398438
669,59.0,9.0,7.063750743676545,0.8559322033898306,114.51390075683594
670,59,g,9.76331914135413,0.8265,114.57172393798828
671,60.0,0.0,5.161793033360466,0.8931591083781706,114.50454711914062
672,60.0,1.0,9.261007667074399,0.8306122448979592,114.47962188720703
673,60.0,2.0,7.452528577101858,0.8596491228070176,114.48534393310547
674,60.0,3.0,5.935902161761608,0.8652647975077882,114.35430145263672
675,60.0,4.0,7.661965442977789,0.8492366412213741,114.56993865966797
676,60.0,5.0,7.133829226719557,0.8757396449704142,114.47455596923828
677,60.0,6.0,4.287718853120555,0.8925170068027211,114.3485336303711
678,60.0,7.0,5.182455462405276,0.8758122743682311,114.48304748535156
679,60.0,8.0,4.627119461902179,0.8945998698763825,114.20842742919922
680,60.0,9.0,6.5591877932939155,0.865819209039548,114.51083374023438
681,60,g,9.494350533545408,0.8286,114.5552749633789
682,61.0,0.0,4.985367766429357,0.8970023059185243,114.50835418701172
683,61.0,1.0,8.849836909588502,0.8306122448979592,114.48294830322266
684,61.0,2.0,7.659656407540305,0.8552631578947368,114.47457885742188
685,61.0,3.0,5.7061880266183636,0.8746105919003115,114.36186218261719
686,61.0,4.0,7.189795869566102,0.8702290076335878,114.55522155761719
687,61.0,5.0,7.499247338785928,0.8710059171597633,114.49989318847656
688,61.0,6.0,4.41896766610697,0.8857142857142857,114.34676361083984
689,61.0,7.0,4.9874215866469305,0.8794223826714801,114.46573638916016
690,61.0,8.0,4.369190216069301,0.9030579050097592,114.18233489990234
691,61.0,9.0,6.733370859070686,0.8728813559322034,114.48617553710938
692,61,g,9.150796510878177,0.8334,114.53627014160156
693,62.0,0.0,5.388335647800763,0.8885472713297463,114.44599151611328
694,62.0,1.0,8.794443838936942,0.8346938775510204,114.47381591796875
695,62.0,2.0,6.673269461677193,0.875,114.44390106201172
696,62.0,3.0,6.696278078905147,0.8652647975077882,114.38861083984375
697,62.0,4.0,7.261963083543851,0.8664122137404581,114.5365982055664
698,62.0,5.0,7.076038613968347,0.8698224852071006,114.4659194946289
699,62.0,6.0,4.686760141572351,0.8918367346938776,114.37034606933594
700,62.0,7.0,5.099942491717287,0.8859205776173286,114.39437866210938
701,62.0,8.0,4.280099296074652,0.904359141184125,114.19338989257812
702,62.0,9.0,6.679984175216006,0.8686440677966102,114.44151306152344
703,62,g,8.86236616246988,0.8369,114.51949310302734
704,63.0,0.0,5.198160834169498,0.8808608762490392,114.42271423339844
705,63.0,1.0,8.88734536657528,0.8387755102040816,114.46690368652344
706,63.0,2.0,6.517060300760102,0.8728070175438597,114.4164047241211
707,63.0,3.0,5.328703004661571,0.8855140186915887,114.33525085449219
708,63.0,4.0,6.839358318853014,0.8664122137404581,114.5018539428711
709,63.0,5.0,7.049182054418078,0.8733727810650888,114.44822692871094
710,63.0,6.0,4.885513247397482,0.8829931972789116,114.31458282470703
711,63.0,7.0,5.00547445100137,0.8815884476534296,114.32466888427734
712,63.0,8.0,4.902036413715192,0.8913467794404685,114.17784881591797
713,63.0,9.0,6.716293798338643,0.867231638418079,114.44697570800781
714,63,g,8.57572360461653,0.8389,114.5033187866211
715,64.0,0.0,4.828198193220978,0.8923904688700999,114.38692474365234
716,64.0,1.0,8.4570206934092,0.8387755102040816,114.44000244140625
717,64.0,2.0,7.036589459369057,0.8596491228070176,114.40685272216797
718,64.0,3.0,5.930818172287765,0.8730529595015576,114.28815460205078
719,64.0,4.0,7.103031941042602,0.8759541984732825,114.46446228027344
720,64.0,5.0,6.990012917151818,0.8733727810650888,114.41312408447266
721,64.0,6.0,4.644025969121801,0.8938775510204081,114.31694793701172
722,64.0,7.0,5.109556410889333,0.8758122743682311,114.33051300048828
723,64.0,8.0,4.535055241882607,0.8945998698763825,114.16554260253906
724,64.0,9.0,7.336898841426871,0.864406779661017,114.44023895263672
725,64,g,8.28397818899152,0.842,114.4850845336914
726,65.0,0.0,5.045679462588264,0.897770945426595,114.39251708984375
727,65.0,1.0,8.500626676909778,0.8408163265306122,114.40133666992188
728,65.0,2.0,6.478720845883353,0.875,114.4325180053711
729,65.0,3.0,5.533247499688995,0.8792834890965732,114.25150299072266
730,65.0,4.0,6.8148487838952025,0.8645038167938931,114.44436645507812
731,65.0,5.0,6.8298115115193925,0.8792899408284024,114.42610931396484
732,65.0,6.0,4.4055682349316525,0.8945578231292517,114.26263427734375
733,65.0,7.0,4.913580015850411,0.8815884476534296,114.30086517333984
734,65.0,8.0,4.493000238377627,0.900455432661028,114.19349670410156
735,65.0,9.0,6.459477273757848,0.8771186440677966,114.45124816894531
736,65,g,8.016847334087567,0.8469,114.47059631347656
737,66.0,0.0,4.672908911195327,0.8985395849346657,114.36894226074219
738,66.0,1.0,8.528397309187115,0.8408163265306122,114.4170913696289
739,66.0,2.0,6.603022608840675,0.8662280701754386,114.41735076904297
740,66.0,3.0,5.3374669598096345,0.8777258566978193,114.24490356445312
741,66.0,4.0,7.149316259922872,0.8492366412213741,114.44182586669922
742,66.0,5.0,6.8752538353733765,0.8674556213017751,114.42943572998047
743,66.0,6.0,4.537338941275668,0.8884353741496599,114.24824523925781
744,66.0,7.0,4.71751535491766,0.8830324909747292,114.30325317382812
745,66.0,8.0,4.113483009230959,0.903708523096942,114.15637969970703
746,66.0,9.0,6.678890496324011,0.8714689265536724,114.40684509277344
747,66,g,7.8062868928272975,0.8497,114.45431518554688
748,67.0,0.0,4.913384577398297,0.8923904688700999,114.28553771972656
749,67.0,1.0,8.599263161055896,0.8448979591836735,114.38847351074219
750,67.0,2.0,5.857048535556124,0.875,114.3963851928711
751,67.0,3.0,5.7623760690785675,0.866822429906542,114.27938842773438
752,67.0,4.0,6.8775959342490625,0.8645038167938931,114.42411041259766
753,67.0,5.0,6.707988043790738,0.863905325443787,114.37730407714844
754,67.0,6.0,4.133274375784008,0.8931972789115646,114.22452545166016
755,67.0,7.0,5.415850597168134,0.8722021660649819,114.26988983154297
756,67.0,8.0,4.267054343972868,0.9017566688353936,114.11412811279297
757,67.0,9.0,7.255239702213956,0.8615819209039548,114.41088104248047
758,67,g,7.593435822222572,0.8526,114.4415283203125
759,68.0,0.0,4.614220437965285,0.8970023059185243,114.25068664550781
760,68.0,1.0,8.786637726608587,0.8285714285714286,114.39215850830078
761,68.0,2.0,6.140542507171631,0.868421052631579,114.37349700927734
762,68.0,3.0,5.577291944854355,0.8769470404984424,114.26615905761719
763,68.0,4.0,6.5412147918730295,0.8683206106870229,114.42938995361328
764,68.0,5.0,6.587530788444203,0.8710059171597633,114.38316345214844
765,68.0,6.0,4.150705733580556,0.8945578231292517,114.2054214477539
766,68.0,7.0,5.222408401299039,0.8859205776173286,114.2144546508789
767,68.0,8.0,4.2780306587622405,0.9017566688353936,114.1221694946289
768,68.0,9.0,6.896188490808347,0.8587570621468926,114.40938568115234
769,68,g,7.385497336842598,0.8566,114.42578887939453
770,69.0,0.0,4.702757241930255,0.8931591083781706,114.26090240478516
771,69.0,1.0,8.7262213911329,0.8367346938775511,114.37044525146484
772,69.0,2.0,6.029502178297231,0.868421052631579,114.36415100097656
773,69.0,3.0,5.537301454217263,0.8753894080996885,114.25038146972656
774,69.0,4.0,5.910029960497645,0.8721374045801527,114.41680145263672
775,69.0,5.0,6.409642875265088,0.8781065088757396,114.37825775146484
776,69.0,6.0,3.953998511841166,0.8993197278911564,114.2225112915039
777,69.0,7.0,5.154930087891727,0.8772563176895307,114.19112396240234
778,69.0,8.0,4.231621819371754,0.907612231620039,114.1284408569336
779,69.0,9.0,6.319814524024426,0.8700564971751412,114.4012451171875
780,69,g,7.22274973373706,0.8576,114.41158294677734
781,70.0,0.0,4.45735293743469,0.8970023059185243,114.22517395019531
782,70.0,1.0,8.272506161125339,0.8367346938775511,114.36256408691406
783,70.0,2.0,5.672513073342934,0.881578947368421,114.35359954833984
784,70.0,3.0,5.477653211498072,0.8746105919003115,114.2534408569336
785,70.0,4.0,7.316056136866562,0.8606870229007634,114.38488006591797
786,70.0,5.0,6.193127175214633,0.8875739644970414,114.31266784667969
787,70.0,6.0,3.808366686032236,0.9,114.18630981445312
788,70.0,7.0,5.366192583492301,0.8837545126353791,114.18138122558594
789,70.0,8.0,3.896397486823522,0.9095640858815875,114.09968566894531
790,70.0,9.0,6.395119004330392,0.864406779661017,114.36264038085938
791,70,g,7.063445515482477,0.8609,114.39714050292969
792,71.0,0.0,4.417484754053654,0.8954650269023828,114.21715545654297
793,71.0,1.0,7.587006542633991,0.8510204081632653,114.34881591796875
794,71.0,2.0,5.732860364869499,0.8771929824561403,114.34707641601562
795,71.0,3.0,5.954518306292478,0.8761682242990654,114.25851440429688
796,71.0,4.0,6.458839340462483,0.8740458015267175,114.39859008789062
797,71.0,5.0,6.064106113388694,0.8792899408284024,114.3237075805664
798,71.0,6.0,3.984966686793736,0.8938775510204081,114.17306518554688
799,71.0,7.0,4.551888057455044,0.8981949458483754,114.17703247070312
800,71.0,8.0,3.995297767701828,0.904359141184125,114.08202362060547
801,71.0,9.0,6.085517325643766,0.8728813559322034,114.35611724853516
802,71,g,6.916900913889613,0.8626,114.38285064697266
803,72.0,0.0,4.52407021136764,0.8962336664104535,114.23441314697266
804,72.0,1.0,8.714878708975656,0.8326530612244898,114.33869171142578
805,72.0,2.0,5.728825628757477,0.8706140350877193,114.3443374633789
806,72.0,3.0,5.2926724019947855,0.8800623052959502,114.17807006835938
807,72.0,4.0,5.656077046430748,0.8816793893129771,114.38481140136719
808,72.0,5.0,6.217428169024767,0.8769230769230769,114.32527160644531
809,72.0,6.0,4.099558822151755,0.8938775510204081,114.17366027832031
810,72.0,7.0,5.08786693907049,0.8736462093862816,114.18526458740234
811,72.0,8.0,4.22369811306859,0.9024072869225764,114.0726547241211
812,72.0,9.0,6.2065199647246105,0.8742937853107344,114.3239974975586
813,72,g,6.739970631486247,0.8651,114.36638641357422
814,73.0,0.0,4.31592676329851,0.9023827824750192,114.19844055175781
815,73.0,1.0,7.584553378105772,0.8489795918367347,114.31910705566406
816,73.0,2.0,5.755376326410394,0.8728070175438597,114.33200073242188
817,73.0,3.0,5.121203410662595,0.8808411214953271,114.16385650634766
818,73.0,4.0,5.487823961345294,0.8912213740458015,114.37234497070312
819,73.0,5.0,5.812150934885239,0.8804733727810651,114.31007385253906
820,73.0,6.0,3.8308070831596344,0.8931972789115646,114.14228057861328
821,73.0,7.0,4.805378576140877,0.8851985559566787,114.19097137451172
822,73.0,8.0,4.047028737062982,0.903708523096942,114.11457824707031
823,73.0,9.0,6.029139363833067,0.8700564971751412,114.28709411621094
824,73,g,6.582988465530798,0.8666,114.3486328125
825,74.0,0.0,4.379315593385129,0.9008455034588778,114.2210693359375
826,74.0,1.0,7.884486075810024,0.8326530612244898,114.30901336669922
827,74.0,2.0,5.4286820804863645,0.8881578947368421,114.31102752685547
828,74.0,3.0,4.775213236377989,0.8847352024922118,114.155029296875
829,74.0,4.0,5.524571291446751,0.8950381679389313,114.32707977294922
830,74.0,5.0,5.801081353813939,0.8792899408284024,114.29513549804688
831,74.0,6.0,4.088015674832309,0.8938775510204081,114.17594146728516
832,74.0,7.0,4.580462640975787,0.8931407942238268,114.18054962158203
833,74.0,8.0,4.065353951175141,0.8991541964866623,114.08712768554688
834,74.0,9.0,5.593475828223498,0.8813559322033898,114.2917709350586
835,74,g,6.439845454679614,0.8685,114.3355712890625
836,75.0,0.0,3.953410854129311,0.8939277478862413,114.20987701416016
837,75.0,1.0,8.580152490187665,0.826530612244898,114.29206085205078
838,75.0,2.0,5.780180847435667,0.875,114.3076400756836
839,75.0,3.0,5.151238009651854,0.8792834890965732,114.11433410644531
840,75.0,4.0,5.286986781440608,0.8912213740458015,114.3070297241211
841,75.0,5.0,5.858363880878369,0.8804733727810651,114.27095794677734
842,75.0,6.0,3.8917969875083602,0.9,114.19009399414062
843,75.0,7.0,4.284509596087388,0.8902527075812274,114.15528869628906
844,75.0,8.0,3.8509526607176987,0.903708523096942,114.09510803222656
845,75.0,9.0,5.491354569203436,0.882768361581921,114.30354309082031
846,75,g,6.300020734427124,0.8693,114.32032012939453
847,76.0,0.0,4.261293920895212,0.8985395849346657,114.1753158569336
848,76.0,1.0,8.79316814383682,0.8244897959183674,114.24873352050781
849,76.0,2.0,5.677044241051925,0.881578947368421,114.2896957397461
850,76.0,3.0,4.878341325903978,0.8847352024922118,114.12765502929688
851,76.0,4.0,5.575643572188516,0.8893129770992366,114.29114532470703
852,76.0,5.0,5.743936534181854,0.8769230769230769,114.25634002685547
853,76.0,6.0,4.155752383121828,0.8965986394557823,114.1412582397461
854,76.0,7.0,4.083093544033891,0.9003610108303249,114.1230697631836
855,76.0,8.0,3.9313997105491105,0.9050097592713078,114.10509490966797
856,76.0,9.0,5.537488465970855,0.8813559322033898,114.27296447753906
857,76,g,6.1789035517551,0.8713,114.30459594726562
858,77.0,0.0,4.137741510134239,0.8946963873943121,114.19243621826172
859,77.0,1.0,8.043997485297067,0.8285714285714286,114.25177001953125
860,77.0,2.0,4.954395637242352,0.8969298245614035,114.24827575683594
861,77.0,3.0,4.620033766389636,0.8878504672897196,114.08745574951172
862,77.0,4.0,5.104823443725819,0.8950381679389313,114.2786636352539
863,77.0,5.0,5.92685539313322,0.8733727810650888,114.23176574707031
864,77.0,6.0,3.832145987076013,0.8891156462585034,114.07735443115234
865,77.0,7.0,4.252986572279396,0.8880866425992779,114.18013763427734
866,77.0,8.0,3.6485128867874383,0.9095640858815875,114.11681365966797
867,77.0,9.0,5.625856990868089,0.8771186440677966,114.2645034790039
868,77,g,6.058723236046033,0.8732,114.29280853271484
869,78.0,0.0,3.879606310126417,0.9023827824750192,114.154541015625
870,78.0,1.0,7.764712707363829,0.8428571428571429,114.23416137695312
871,78.0,2.0,5.178432723932099,0.8859649122807017,114.23543548583984
872,78.0,3.0,4.506056342105674,0.8901869158878505,114.07461547851562
873,78.0,4.0,4.953927156579404,0.8912213740458015,114.24507904052734
874,78.0,5.0,5.774951975444365,0.8828402366863906,114.21554565429688
875,78.0,6.0,3.8568653347444655,0.9006802721088435,114.10701751708984
876,78.0,7.0,3.9345537133625834,0.8989169675090253,114.13648223876953
877,78.0,8.0,3.9641014552186196,0.9063109954456734,114.09832763671875
878,78.0,9.0,5.183214396827637,0.8799435028248588,114.2470703125
879,78,g,5.914937552626886,0.8758,114.27845001220703
880,79.0,0.0,4.196480147752461,0.9054573405073021,114.15115356445312
881,79.0,1.0,6.647432887797453,0.8551020408163266,114.20244598388672
882,79.0,2.0,5.924654015323572,0.8728070175438597,114.2188491821289
883,79.0,3.0,5.501021580532703,0.866822429906542,114.04542541503906
884,79.0,4.0,4.711753663215928,0.8969465648854962,114.26150512695312
885,79.0,5.0,5.584399441149108,0.8804733727810651,114.22254943847656
886,79.0,6.0,4.0615169606241235,0.8972789115646258,114.09424591064453
887,79.0,7.0,3.690637195192169,0.9018050541516246,114.06732940673828
888,79.0,8.0,3.486404773858591,0.9147690305790501,114.13636016845703
889,79.0,9.0,5.244375047037157,0.8785310734463276,114.22167205810547
890,79,g,5.802786316345865,0.8775,114.26371002197266
891,80.0,0.0,3.946679556901112,0.9062259800153728,114.18170166015625
892,80.0,1.0,7.599619254298812,0.8387755102040816,114.20227813720703
893,80.0,2.0,5.610595393599126,0.8728070175438597,114.22190856933594
894,80.0,3.0,4.761367426736925,0.8777258566978193,114.05085754394531
895,80.0,4.0,4.981143255980023,0.8854961832061069,114.25405883789062
896,80.0,5.0,5.5239643119496,0.8875739644970414,114.21709442138672
897,80.0,6.0,3.751467705421707,0.9,114.07355499267578
898,80.0,7.0,3.5525149373586427,0.9075812274368231,114.06513977050781
899,80.0,8.0,3.716888886727678,0.9089134677944047,114.11748504638672
900,80.0,9.0,5.535346187440689,0.8700564971751412,114.22311401367188
901,80,g,5.721401762888018,0.8793,114.24894714355469
902,81.0,0.0,3.9078741866714397,0.9093005380476556,114.10923767089844
903,81.0,1.0,7.406959049069152,0.8469387755102041,114.20044708251953
904,81.0,2.0,4.840894868499355,0.8881578947368421,114.17118835449219
905,81.0,3.0,4.554581831044893,0.8940809968847352,114.0482406616211
906,81.0,4.0,4.605102439873091,0.9026717557251909,114.25728607177734
907,81.0,5.0,5.309238529769627,0.8852071005917159,114.19400787353516
908,81.0,6.0,3.622413749516416,0.9061224489795918,114.06876373291016
909,81.0,7.0,3.713713536979059,0.9025270758122743,114.02357482910156
910,81.0,8.0,3.720139160044564,0.9069616135328562,114.0439682006836
911,81.0,9.0,5.450836362138307,0.8771186440677966,114.20732879638672
912,81,g,5.604231537432778,0.8804,114.23658752441406
913,82.0,0.0,4.007313579596152,0.9131437355880092,114.11200714111328
914,82.0,1.0,7.65318420955113,0.8428571428571429,114.18267822265625
915,82.0,2.0,5.081085004304585,0.8793859649122807,114.18020629882812
916,82.0,3.0,4.6636359087275645,0.8964174454828661,113.99259185791016
917,82.0,4.0,4.46356409742632,0.9083969465648855,114.21182250976562
918,82.0,5.0,5.559263231627335,0.8733727810650888,114.1842041015625
919,82.0,6.0,3.554357245108303,0.9095238095238095,114.05674743652344
920,82.0,7.0,3.7916082479032798,0.9025270758122743,113.9994125366211
921,82.0,8.0,3.619742711488504,0.9154196486662329,114.03856658935547
922,82.0,9.0,4.882314781311079,0.8799435028248588,114.1969985961914
923,82,g,5.4897865287641165,0.8836,114.2227783203125
924,83.0,0.0,3.73267998867636,0.9046887009992314,114.12806701660156
925,83.0,1.0,7.536301056219607,0.8428571428571429,114.19989776611328
926,83.0,2.0,5.015494593402796,0.881578947368421,114.19446563720703
927,83.0,3.0,4.202241138596507,0.8964174454828661,114.00294494628906
928,83.0,4.0,4.649716338605984,0.9026717557251909,114.21882629394531
929,83.0,5.0,5.290712228464428,0.8840236686390532,114.17292022705078
930,83.0,6.0,3.8127765065147763,0.9047619047619048,114.07199096679688
931,83.0,7.0,3.4630042065782236,0.9075812274368231,114.01041412353516
932,83.0,8.0,3.7401151443039664,0.9030579050097592,114.00337982177734
933,83.0,9.0,5.118214288000333,0.8757062146892656,114.17950439453125
934,83,g,5.381251622449495,0.8852,114.21121978759766
935,84.0,0.0,4.276350679808081,0.8970023059185243,114.12689971923828
936,84.0,1.0,7.9964220419222,0.8387755102040816,114.175537109375
937,84.0,2.0,5.167082824205098,0.8925438596491229,114.21321105957031
938,84.0,3.0,4.227390280393797,0.8894080996884736,113.99754333496094
939,84.0,4.0,4.746620409361279,0.8874045801526718,114.22190856933594
940,84.0,5.0,5.5177729973426235,0.8816568047337278,114.14154052734375
941,84.0,6.0,3.840206651359188,0.9068027210884354,114.07380676269531
942,84.0,7.0,3.6304491036205087,0.9032490974729241,114.03636169433594
943,84.0,8.0,3.7085097521221146,0.9063109954456734,114.01657104492188
944,84.0,9.0,5.1684174470308815,0.8742937853107344,114.1802978515625
945,84,g,5.313574759868905,0.8855,114.19831085205078
946,85.0,0.0,3.843595139515915,0.9023827824750192,114.09944152832031
947,85.0,1.0,7.432697823582863,0.8489795918367347,114.16244506835938
948,85.0,2.0,4.484398254177027,0.8881578947368421,114.19927978515625
949,85.0,3.0,4.705545156184479,0.8862928348909658,113.99838256835938
950,85.0,4.0,4.740754989267305,0.8950381679389313,114.22162628173828
951,85.0,5.0,5.49881890894688,0.8840236686390532,114.10950469970703
952,85.0,6.0,3.5999620750646275,0.9074829931972789,113.98834991455078
953,85.0,7.0,3.6742827925008963,0.9046931407942238,114.0172348022461
954,85.0,8.0,3.3802105932264417,0.9167208848405985,113.9882583618164
955,85.0,9.0,4.947534561157227,0.8813559322033898,114.18365478515625
956,85,g,5.206316992628574,0.8868,114.1839370727539
957,86.0,0.0,4.166495124426356,0.8985395849346657,114.1230239868164
958,86.0,1.0,7.86348103406478,0.8387755102040816,114.16136932373047
959,86.0,2.0,4.451446756981967,0.8969298245614035,114.1939926147461
960,86.0,3.0,4.484505670127746,0.8878504672897196,113.99345397949219
961,86.0,4.0,5.191214537802543,0.8874045801526718,114.22229766845703
962,86.0,5.0,5.611217324197577,0.8804733727810651,114.09678649902344
963,86.0,6.0,3.459345306060752,0.9102040816326531,113.96560668945312
964,86.0,7.0,3.779288350459901,0.8981949458483754,114.01616668701172
965,86.0,8.0,3.3055971163623736,0.9134677944046844,113.98906707763672
966,86.0,9.0,4.686166572610788,0.884180790960452,114.17211151123047
967,86,g,5.122857367084764,0.8883,114.1697006225586
968,87.0,0.0,4.335386848009888,0.897770945426595,114.08903503417969
969,87.0,1.0,8.543427058628627,0.8387755102040816,114.13338470458984
970,87.0,2.0,4.383973587512229,0.9078947368421053,114.18499755859375
971,87.0,3.0,4.099855412167705,0.8956386292834891,113.94898223876953
972,87.0,4.0,5.040952428947878,0.8874045801526718,114.19247436523438
973,87.0,5.0,5.214685170326007,0.8840236686390532,114.064208984375
974,87.0,6.0,3.629876447737618,0.9013605442176871,113.94588470458984
975,87.0,7.0,3.6127779289603272,0.9054151624548736,113.95318603515625
976,87.0,8.0,3.286562420944056,0.9141184124918673,113.98434448242188
977,87.0,9.0,4.776882502992274,0.8870056497175142,114.1443099975586
978,87,g,5.029500920379162,0.8896,114.15669250488281
979,88.0,0.0,3.9278082928288436,0.9008455034588778,114.10212707519531
980,88.0,1.0,7.3885434705383926,0.8612244897959184,114.11279296875
981,88.0,2.0,4.3730673037077255,0.9013157894736842,114.17394256591797
982,88.0,3.0,4.501583936058473,0.8886292834890965,113.90939331054688
983,88.0,4.0,4.591557611945931,0.8950381679389313,114.17668914794922
984,88.0,5.0,5.061646680436896,0.8852071005917159,114.06997680664062
985,88.0,6.0,3.746452366129879,0.8965986394557823,113.9205322265625
986,88.0,7.0,3.576304468480258,0.9003610108303249,113.96257781982422
987,88.0,8.0,3.3321619357919188,0.9154196486662329,114.0440673828125
988,88.0,9.0,5.028101046206587,0.8742937853107344,114.12348937988281
989,88,g,4.920155087706447,0.8907,114.1464614868164
990,89.0,0.0,3.9541397416630586,0.9046887009992314,114.04571533203125
991,89.0,1.0,7.335639171211087,0.8612244897959184,114.0884780883789
992,89.0,2.0,4.425800151992262,0.9013157894736842,114.14997863769531
993,89.0,3.0,4.483144926167575,0.8917445482866043,113.92418670654297
994,89.0,4.0,4.079016606885058,0.898854961832061,114.18428802490234
995,89.0,5.0,5.045986806429349,0.8840236686390532,114.07758331298828
996,89.0,6.0,3.560300958257954,0.9047619047619048,113.94635772705078
997,89.0,7.0,3.4441752829706624,0.9104693140794223,113.98419952392578
998,89.0,8.0,3.326160982411134,0.9089134677944047,114.00167083740234
999,89.0,9.0,4.58012982546273,0.885593220338983,114.12271881103516
1000,89,g,4.824792297564109,0.8919,114.1347885131836
1001,90.0,0.0,4.089525395773815,0.9000768639508071,114.0477294921875
1002,90.0,1.0,6.932503595157545,0.8551020408163266,114.08538055419922
1003,90.0,2.0,4.491371821938899,0.8859649122807017,114.12189483642578
1004,90.0,3.0,3.9571548232002143,0.8987538940809969,113.92817687988281
1005,90.0,4.0,4.272483459865774,0.9026717557251909,114.16104125976562
1006,90.0,5.0,5.151867062338358,0.8875739644970414,114.06196594238281
1007,90.0,6.0,3.2322928808680196,0.9115646258503401,113.95073699951172
1008,90.0,7.0,3.3462104819382166,0.9140794223826715,113.98397064208984
1009,90.0,8.0,3.0615764870871858,0.9160702667534157,113.97297668457031
1010,90.0,9.0,4.872099006243345,0.8771186440677966,114.12744903564453
1011,90,g,4.737114341394595,0.8927,114.12017822265625
1012,91.0,0.0,4.000202326931412,0.9016141429669485,114.00029754638672
1013,91.0,1.0,7.283011313847133,0.8551020408163266,114.08808135986328
1014,91.0,2.0,4.370691256576704,0.9057017543859649,114.1265640258789
1015,91.0,3.0,4.342676167878242,0.8870716510903427,113.90992736816406
1016,91.0,4.0,4.186032884903536,0.8969465648854962,114.12945556640625
1017,91.0,5.0,5.181862989120935,0.8816568047337278,114.04102325439453
1018,91.0,6.0,3.2304526048154907,0.9095238095238095,113.93936920166016
1019,91.0,7.0,3.6060769304902114,0.896028880866426,113.94367980957031
1020,91.0,8.0,3.3037125797268727,0.9141184124918673,113.91527557373047
1021,91.0,9.0,4.798345228372994,0.882768361581921,114.10456085205078
1022,91,g,4.656725371773355,0.8935,114.10916137695312
1023,92.0,0.0,3.681388141869422,0.9046887009992314,114.02556610107422
1024,92.0,1.0,7.152312632969448,0.863265306122449,114.06553649902344
1025,92.0,2.0,4.587203621864319,0.8837719298245614,114.1050033569336
1026,92.0,3.0,4.331630369060322,0.8870716510903427,113.902587890625
1027,92.0,4.0,3.7581211192007284,0.9103053435114504,114.11045837402344
1028,92.0,5.0,4.712521841524149,0.8982248520710059,114.05113220214844
1029,92.0,6.0,3.2812181931470525,0.9095238095238095,113.91520690917969
1030,92.0,7.0,3.3713217153445907,0.9104693140794223,113.96490478515625
1031,92.0,8.0,3.2022328609836976,0.9089134677944047,113.92462921142578
1032,92.0,9.0,4.5582913409518655,0.8898305084745762,114.03780364990234
1033,92,g,4.5895210002986975,0.8941,114.09700775146484
1034,93.0,0.0,4.030676898666064,0.8954650269023828,113.99226379394531
1035,93.0,1.0,7.22299072109923,0.8571428571428571,114.04473114013672
1036,93.0,2.0,5.0181828193497235,0.875,114.08847045898438
1037,93.0,3.0,4.286511537813324,0.882398753894081,113.9000473022461
1038,93.0,4.0,4.220409382390612,0.9045801526717557,114.09113311767578
1039,93.0,5.0,4.646230028366902,0.8982248520710059,114.05303192138672
1040,93.0,6.0,3.1325437376034895,0.9129251700680272,113.99113464355469
1041,93.0,7.0,3.6064537697404013,0.9032490974729241,113.93089294433594
1042,93.0,8.0,3.401595420005962,0.9134677944046844,113.92591857910156
1043,93.0,9.0,4.469632892285363,0.882768361581921,114.04486846923828
1044,93,g,4.515811789235473,0.8956,114.08663177490234
1045,94.0,0.0,3.8137519895045413,0.9008455034588778,113.99252319335938
1046,94.0,1.0,7.469348544490581,0.8571428571428571,114.02668762207031
1047,94.0,2.0,4.169471700855515,0.9035087719298246,114.05397033691406
1048,94.0,3.0,4.092073246817792,0.8917445482866043,113.91119384765625
1049,94.0,4.0,3.98196599319691,0.9026717557251909,114.08074188232422
1050,94.0,5.0,4.912666807863751,0.8887573964497042,114.0401382446289
1051,94.0,6.0,3.3078293087125634,0.9081632653061225,113.95426940917969
1052,94.0,7.0,3.3140574370910976,0.9090252707581228,113.8724136352539
1053,94.0,8.0,3.2059988344326986,0.9173715029277814,113.93489837646484
1054,94.0,9.0,4.1402507030357745,0.8898305084745762,114.0593032836914
1055,94,g,4.434588510049566,0.897,114.07554626464844
1056,95.0,0.0,3.8557583868938807,0.9039200614911607,113.99275970458984
1057,95.0,1.0,6.202023013757199,0.8673469387755102,114.01020812988281
1058,95.0,2.0,4.0681833373872855,0.8969298245614035,114.0416488647461
1059,95.0,3.0,3.7938546621968907,0.9049844236760125,113.89923858642578
1060,95.0,4.0,3.9262949960832376,0.9045801526717557,114.06620788574219
1061,95.0,5.0,4.983803877039489,0.8840236686390532,114.01529693603516
1062,95.0,6.0,3.305773776038221,0.9020408163265307,113.90640258789062
1063,95.0,7.0,3.198690863228016,0.9140794223826715,113.88772583007812
1064,95.0,8.0,3.105561735417522,0.9141184124918673,113.9393081665039
1065,95.0,9.0,4.408867151723743,0.8870056497175142,114.07440185546875
1066,95,g,4.36005860253904,0.898,114.06199645996094
1067,96.0,0.0,4.015297973537833,0.8962336664104535,114.01021575927734
1068,96.0,1.0,6.612488664899554,0.8591836734693877,113.99506378173828
1069,96.0,2.0,3.961056159253706,0.8969298245614035,114.02519226074219
1070,96.0,3.0,3.8718678954977115,0.9010903426791277,113.8880615234375
1071,96.0,4.0,4.059079825423146,0.8969465648854962,114.04756164550781
1072,96.0,5.0,4.536007163369444,0.8923076923076924,114.002197265625
1073,96.0,6.0,3.2977660902197066,0.9034013605442177,113.88688659667969
1074,96.0,7.0,3.108743652915212,0.911913357400722,113.92504119873047
1075,96.0,8.0,2.979186407075169,0.9173715029277814,113.94413757324219
1076,96.0,9.0,4.114232720628297,0.8884180790960452,114.0674819946289
1077,96,g,4.315081829679699,0.8986,114.04940032958984
1078,97.0,0.0,3.544911736437763,0.9077632590315142,114.01766967773438
1079,97.0,1.0,7.0550320489065985,0.8673469387755102,113.99137878417969
1080,97.0,2.0,4.285772799922709,0.8859649122807017,114.01917266845703
1081,97.0,3.0,3.839556574798262,0.8925233644859814,113.8654556274414
1082,97.0,4.0,3.787784760891867,0.9045801526717557,114.04186248779297
1083,97.0,5.0,4.6213612457704265,0.8887573964497042,113.99188995361328
1084,97.0,6.0,3.203786510447053,0.9081632653061225,113.87361145019531
1085,97.0,7.0,3.033275245379118,0.9097472924187726,113.8759765625
1086,97.0,8.0,3.10378722299712,0.9082628497072218,113.91679382324219
1087,97.0,9.0,4.002794804546119,0.8912429378531074,114.06819152832031
1088,97,g,4.262215421829866,0.8998,114.03421020507812
1089,98.0,0.0,3.842302769903583,0.9000768639508071,114.03645324707031
1090,98.0,1.0,6.4697698680721984,0.8693877551020408,113.99195861816406
1091,98.0,2.0,4.178191906527469,0.8903508771929824,113.99829864501953
1092,98.0,3.0,3.9269981433773804,0.8886292834890965,113.8807373046875
1093,98.0,4.0,3.690695418656327,0.9064885496183206,114.04924011230469
1094,98.0,5.0,4.324263801253759,0.8982248520710059,114.02134704589844
1095,98.0,6.0,3.1444411888818724,0.9129251700680272,113.84227752685547
1096,98.0,7.0,3.016595815686973,0.9133574007220217,113.8564682006836
1097,98.0,8.0,2.9828015318844483,0.9193233571893299,113.88001251220703
1098,98.0,9.0,4.029256894233669,0.8898305084745762,114.03302001953125
1099,98,g,4.204607253603008,0.9004,114.01956176757812
1100,99.0,0.0,3.4914950191698115,0.9023827824750192,114.00904083251953
1101,99.0,1.0,6.416540221109682,0.8653061224489796,113.96416473388672
1102,99.0,2.0,4.574036578884708,0.8859649122807017,113.98531341552734
1103,99.0,3.0,3.638703973865212,0.9003115264797508,113.90196228027344
1104,99.0,4.0,3.1573341296033095,0.9179389312977099,114.03864288330078
1105,99.0,5.0,4.226546909081388,0.9088757396449704,113.97708892822266
1106,99.0,6.0,3.1086310000031716,0.9142857142857143,113.82281494140625
1107,99.0,7.0,3.119314517122786,0.9140794223826715,113.88298034667969
1108,99.0,8.0,3.0576413159166167,0.9173715029277814,113.84884643554688
1109,99.0,9.0,3.7406270072958563,0.8940677966101694,114.0100326538086
1110,99,g,4.118574066242318,0.9017,114.0067138671875
