,epoch1
0,-3717697500.0
1,0.26895198
2,1.4369879
3,1.0715169
4,-0.039372142
5,1.5326289
6,-2.392274
7,0.8668088
8,-1.5421027
9,0.25508395
10,0.71507645
11,0.5798204
12,-0.93649113
13,-1.6539737
14,0.27917108
15,-0.06071112
16,1.6612583
17,-0.56482536
18,3.4177508
19,0.90491736
20,-0.030234624
21,-2.1636615
22,0.30716494
23,-0.6686907
24,-2.2805967
25,0.88637
26,1.2445227
27,1.0042613
28,-1.524328
29,-0.30975512
30,-0.3854955
31,-0.13700467
32,0.044028364
33,1.8174297
34,-0.4950698
35,1.02171
36,1.0838752
37,-0.23266047
38,-1.0336002
39,0.7783438
40,-1.0159189
41,-0.0815129
42,0.88722485
43,-2.3596945
44,-1.7631696
45,1.6568557
46,-1.0641992
47,0.75121456
48,-2.62238
49,1.3219485
50,0.5520596
51,0.124331646
52,-1.165662
53,0.67615837
54,-1.0813707
55,-0.89694613
56,0.9452569
57,-0.6921544
58,-0.93261135
59,0.24533397
60,0.5374967
61,-0.76001626
62,-0.20316717
63,0.5968157
64,1.1512334
65,-1.9394693
66,-0.13939425
67,-0.7862124
68,-1.4136852
69,-0.28942546
70,1.7623645
71,0.35703158
72,-1.1595709
73,-0.38030967
74,0.24187876
75,1.1486808
76,-0.4441704
77,-1.9167224
78,-1.9040352
79,-1.3683279
80,0.281384
81,0.7019194
82,1.3503745
83,-0.22389895
84,-0.75527024
85,1.4319527
86,-2.0062246
87,0.62772644
88,-0.14621422
89,-0.08313456
90,-0.30396456
91,-0.30227765
92,1.097059
93,1.3554978
94,0.16206758
95,-0.8214034
96,-0.85326535
97,1.1115203
98,0.11583093
99,-1.5874043
100,0.066079274
101,0.4416125
102,-0.2812632
103,-0.20096073
104,0.3924516
105,-0.6797314
106,1.0378973
107,-0.09841904
108,-0.2948909
109,-0.5934041
110,2.0769103
111,1.0811286
112,0.94043046
113,0.94584244
114,1.1053483
115,-0.8685207
116,-1.4529599
117,0.40284342
118,0.664031
119,-0.5561292
120,-0.72852236
121,-0.017320663
122,1.4017664
123,-0.67290914
124,0.24290305
125,-0.3097399
126,-1.3238387
127,0.75737846
128,2.0425682
129,0.8319774
130,-1.3016505
131,-0.0053017274
132,-0.3049274
133,-0.5383814
134,-0.6591396
135,-1.9081755
136,-0.8542743
137,0.003787298
138,1.0283201
139,-1.6440234
140,-0.037273567
141,-0.7577875
142,1.1815376
143,1.8926021
144,0.19605811
145,-0.69574887
146,1.0681549
147,1.5553358
148,-0.507225
149,-1.5914726
150,-0.31089818
151,1.1850569
152,0.36841273
153,1.1367537
154,-2.2694294
155,0.23279741
156,-0.7293126
157,-1.8115636
158,0.18243013
159,-1.1584625
160,0.9722036
161,0.009479124
162,-0.80502504
163,0.38587338
164,-0.84347814
165,0.8028848
166,0.47900912
167,0.6075321
168,0.7641692
169,-1.5923495
170,1.5325705
171,-0.31250748
172,-0.92768633
173,0.08396579
174,0.16795121
175,-1.0785432
176,1.1396884
177,1.0752571
178,-1.215041
179,-0.04498599
180,3.253903
181,0.08798635
182,-0.73328066
183,-0.22189365
184,-0.261839
185,0.23274514
186,-0.14759518
187,0.34131762
188,-0.7819837
189,-1.2274401
190,0.95322955
191,-1.8758423
192,-0.5670299
193,0.14368622
194,-2.6711292
195,-0.11724307
196,0.28893209
197,0.7738805
198,2.338454
199,-0.9940229
200,0.528737
201,0.22860476
202,1.5536927
203,1.2418764
204,-0.0005568309
205,1.0156425
206,-0.19519773
207,-1.5392063
208,-0.61915064
209,0.27610433
210,0.8711008
211,-0.39154145
212,0.8533974
213,-0.36346576
214,1.4115459
215,0.3475846
216,0.55389816
217,-0.69367117
218,-1.8887193
219,0.36526212
220,-0.22903901
221,-0.8185687
222,-0.12014219
223,-0.40876788
224,-1.482589
225,-1.1553502
226,-0.44980687
227,-1.0973582
228,-1.2775819
229,-1.2749094
230,1.1920834
231,-1.0401518
232,-0.62631583
233,-1.0791965
234,-0.1882125
235,-0.735174
236,-0.287609
237,0.6459142
238,0.18316084
239,-1.9846616
240,1.081681
241,1.7058964
242,0.99366003
243,-0.012567762
244,-0.5072364
245,0.17989294
246,0.48662952
247,-0.48520225
248,0.5840529
249,1.6484709
250,-0.31087244
251,-0.07393415
252,0.019330302
253,-1.8302896
254,-0.9310602
255,1.6667695
256,0.83519816
257,1.6156135
258,-1.9179403
259,2.8181543
260,0.59168607
261,-1.0253763
262,1.2453686
263,2.6247787
264,-0.64735353
265,-0.25605527
266,0.7235267
267,-0.13361415
268,1.6588225
269,0.49512532
270,-0.4299242
271,-0.6451338
272,0.09305638
273,-0.4741387
274,-0.27172846
275,-0.231385
276,-0.07497029
277,-0.12824188
278,0.53294295
279,0.06817771
280,-0.4204699
281,0.9467862
282,-1.4273932
283,-0.3950402
284,1.6725171
285,-1.4552853
286,0.34301135
287,-1.765997
288,0.98395056
289,-0.10593939
290,-0.6548889
291,-0.7042482
292,0.5678792
293,0.4311744
294,-1.6374463
295,1.2041178
296,-1.5801321
297,1.1448712
298,0.3633491
299,0.08994125
300,-1.0942018
301,-0.10361711
302,1.080798
303,0.083412334
304,0.9097148
305,1.1923692
306,-0.7998725
307,0.63750803
308,-1.1999732
309,-1.7109991
310,-0.7576712
311,1.5395173
312,-0.8378695
313,-0.48000598
314,1.987893
315,-0.28592715
316,0.033294834
317,0.033127822
318,-1.1164079
319,-0.4741565
320,-0.65972936
321,-0.1478648
322,1.8698211
323,0.6118759
324,1.2363383
325,-1.249727
326,1.7299349
327,-0.23029447
328,-1.2285236
329,-1.4374679
330,-0.24023697
331,-1.4961675
332,1.8164505
333,0.22254728
334,0.8863086
335,0.34176973
336,0.26292115
337,-1.6858219
338,-0.15758319
339,0.64662325
340,-1.8442631
341,-1.3612316
342,0.9318792
343,-1.1639669
344,-0.67734116
345,-0.22127588
346,0.7015273
347,0.70086807
348,-0.3255072
349,-0.69112706
350,-1.2728235
351,0.20880236
352,-0.26148725
353,-0.5983535
354,0.65315944
355,1.7688966
356,-0.6852113
357,1.520889
358,0.2450221
359,0.48525003
360,1.8611774
361,0.65736306
362,-0.49064037
363,-0.65765244
364,-1.1219467
365,1.0264363
366,-0.535326
367,-0.523471
368,0.89775217
369,-2.7255845
370,-0.23683807
371,-0.7904129
372,-0.8574411
373,1.0083015
374,-0.16317753
375,0.91185004
376,0.003929387
377,0.6748865
378,0.87759376
379,-1.8838634
380,-1.072868
381,-1.1989744
382,-1.940019
383,-0.801797
384,1.2161907
385,0.20243391
386,0.138853
387,-0.5840877
388,1.1924403
389,1.0182023
390,0.3192409
391,-0.40920198
392,0.52635455
393,0.75680584
394,1.5796975
395,-2.3414776
396,-0.9475741
397,1.1291908
398,0.3400757
399,-1.0737076
400,1.0985988
401,0.4262009
402,-0.5426642
403,-0.8438404
404,-0.18485898
405,2.2945092
406,2.5276566
407,-0.8623578
408,-0.015718782
409,-0.27205244
410,-1.3241396
411,0.59043187
412,0.88137984
413,0.6577743
414,-0.37042844
415,-0.23603788
416,-0.588116
417,1.0211624
418,1.6067388
419,-0.021799235
420,0.3804263
421,-0.5042395
422,0.5820065
423,0.37225094
424,-1.5479169
425,-0.79920185
426,0.033174153
427,-0.028957788
428,1.828372
429,0.6600573
430,0.033650104
431,0.81906354
432,1.3712708
433,1.1674883
434,0.99899
435,1.5935155
436,2.332132
437,-1.4970677
438,-0.32920206
439,0.42436308
440,0.449305
441,0.311923
442,-1.1836907
443,0.5704571
444,-0.47102898
445,0.9822469
446,1.3955777
447,-1.4599755
448,-0.08139273
449,-0.6389752
450,1.5914907
451,-1.0988295
452,-0.5861316
453,1.3260885
454,-0.5296718
455,-0.60404617
456,-0.66953367
457,0.5429847
458,1.0531602
459,-1.8920593
460,-0.36578637
461,0.027693104
462,-0.43480504
463,1.2289298
464,0.8191855
465,1.0392663
466,0.39930564
467,0.036037043
468,-1.1823962
469,0.5914335
470,-0.83693075
471,1.7651608
472,0.4494163
473,-1.5674142
474,-0.17773798
475,0.4069999
476,0.8494908
477,1.8485918
478,-1.6856356
479,0.9586351
480,-0.09601905
481,0.65645474
482,-0.14508651
483,0.9405319
484,0.86954206
485,0.22980963
486,0.97641337
487,0.9099294
488,0.23013562
489,0.0962907
490,0.32307205
491,-1.1669544
492,0.0996884
493,0.61207473
494,1.9045485
495,-0.2495115
496,-0.31502977
497,-0.17211907
498,-0.16075154
499,0.2851588
500,0.45984083
501,1.7621104
502,-0.5143223
503,-0.9551264
504,0.08751672
505,-0.018629193
506,0.644661
507,0.90223765
508,0.041071605
509,-0.49578556
510,0.124615826
511,-0.8664048
512,-0.13851221
513,-1.5499411
514,1.2249135
515,-0.37117624
516,-0.6597388
517,0.08686215
518,-0.10282859
519,-1.1867169
520,0.4443361
521,-0.18100853
522,0.6894025
523,-0.96423244
524,-1.5337487
525,-2.8178349
526,-0.94436276
527,0.028062692
528,-0.3036833
529,-1.3995589
530,-0.40760994
531,-0.6075414
532,-1.5914727
533,1.6056795
534,1.6738579
535,-0.1923173
536,1.7394218
537,0.34708548
538,-1.0030302
539,1.4993774
540,-0.116521716
541,0.49902892
542,-0.34961098
543,-0.35412747
544,-0.059296392
545,1.9741534
546,-0.6961075
547,0.19962594
548,-1.4764266
549,0.25246155
550,0.37653852
551,0.9752665
552,0.50778234
553,1.0006251
554,-0.33373833
555,-1.7589867
556,-0.68846005
557,-1.3806894
558,-0.7620215
559,-0.14352879
560,-2.4110827
561,-0.6903269
562,0.32757404
563,2.3459592
564,0.04458306
565,1.5717095
566,1.489826
567,1.8362969
568,-0.4052887
569,0.9084546
570,-1.7156202
571,2.4208968
572,0.049848117
573,-0.66078484
574,-0.029820813
575,0.18873635
576,0.107262336
577,-0.29583487
578,0.36061394
579,-0.75099826
580,0.43301684
581,-0.15783265
582,-0.756725
583,-0.558219
584,-0.6003927
585,-0.88331985
586,-2.7114801
587,-1.5158175
588,-1.6662339
589,0.10172381
590,0.97936887
591,0.32016203
592,-0.8068801
593,-0.16383332
594,-1.3207834
595,1.3780605
596,0.7052018
597,-0.64311796
598,0.30059668
599,-0.39418405
600,-0.88462853
601,1.6917818
602,0.587706
603,2.0369806
604,0.19265863
605,0.99874985
606,-0.46045277
607,-0.8865234
608,0.941531
609,-0.92857134
610,-0.7559982
611,-0.5616506
612,-0.27523994
613,-0.80225694
614,1.6753614
615,-0.7060302
616,-1.2856153
617,0.2769774
618,1.0154319
619,-2.3201478
620,0.7420961
621,-0.61069864
622,0.6150412
623,0.6388868
624,0.6866113
625,-0.3234289
626,-1.8719746
627,1.2980262
628,-1.0650889
629,0.73331904
630,1.3610276
631,-1.7540951
632,-1.5749407
633,2.0879383
634,-1.5914929
635,-0.20783047
636,0.9353172
637,-3.3192508
638,0.20109868
639,0.15743329
640,0.45417836
641,0.32256135
642,-0.5220152
643,0.24567375
644,0.097127736
645,0.82960767
646,-0.41150588
647,-0.715847
648,-0.87542266
649,-0.023161773
650,1.7731855
651,-0.09003312
652,0.009201744
653,0.5747472
654,0.6023141
655,0.1925413
656,-0.35589877
657,-0.6017225
658,-0.42760295
659,1.9418738
660,-0.01865139
661,-0.87710476
662,1.8031403
663,1.9776587
664,0.44465834
665,-0.9087013
666,-0.8618899
667,0.6137379
668,0.76425207
669,-1.5820951
670,-0.43228722
671,0.6831569
672,-0.90724623
673,-0.7542358
674,0.70250744
675,-1.2366339
676,-0.64432645
677,0.55805004
678,-1.2839867
679,-0.5068754
680,0.6763245
681,-0.0666937
682,-0.49644488
683,-1.3798081
684,-0.83145475
685,0.6270391
686,0.50556636
687,-1.9278555
688,-0.5278781
689,0.463766
690,0.3680582
691,1.1359313
692,-0.252733
693,0.5390315
694,0.1563467
695,-0.90808797
696,-1.1418405
697,-1.7819864
698,0.25416282
699,0.46855813
700,0.4131601
701,0.6341652
702,-1.8676349
703,1.6169719
704,1.2013022
705,-0.5175314
706,-1.4557189
707,0.070772186
708,0.51122147
709,-1.5543069
710,1.4828389
711,0.5788682
712,0.22776358
713,-0.6126846
714,1.2333577
715,0.40221
716,-0.25736374
717,-1.0059105
718,-0.20470102
719,-0.7534742
720,1.2994957
721,0.29123706
722,1.7205647
723,0.9019971
724,-0.40368155
725,0.76619226
726,-0.3710071
727,0.7377442
728,0.48792133
729,-0.14156361
730,1.0084294
731,-1.428797
732,-1.5200045
733,0.05881129
734,-0.0690606
735,-0.7020356
736,1.466372
737,-1.6328136
738,-0.10926741
739,-0.43791753
740,1.416608
741,-0.055599947
742,-0.29836866
743,-0.18086755
744,0.35170183
745,-1.3107386
746,-1.0455338
747,-2.8911378
748,0.48701116
749,-0.7234595
750,0.61149335
751,-0.03237386
752,-1.3246441
753,-0.15219451
754,0.99805576
755,0.6290322
756,-0.6564106
757,0.527636
758,1.1476923
759,-1.742779
760,0.47990242
761,-1.5389857
762,0.25783527
763,2.531882
764,-0.32910433
765,0.76335007
766,-1.3503609
767,0.68262964
768,-1.1509
769,-0.7523799
770,-1.2639991
771,0.19437139
772,-0.8284158
773,1.8638023
774,-0.11043263
775,-0.5568642
776,-0.5016323
777,0.21116906
778,-0.023991015
779,0.9086104
780,0.6581207
781,1.3439536
782,-0.022745902
783,-1.5451216
784,0.6569749
785,0.6532663
786,1.4141686
787,-1.6585534
788,-0.44650364
789,0.8039575
790,1.2581142
791,0.77262366
792,-1.0528376
793,-0.3428197
794,0.4666719
795,-0.4083394
796,0.57555676
797,1.2162809
798,0.60929394
799,-3.070466
800,-0.3455569
801,0.5702136
802,0.12700383
803,1.6279489
804,-0.95110595
805,-0.13920368
806,-0.7570149
807,0.14891918
808,-0.40193665
809,0.37098315
810,-1.7703981
811,0.38970345
812,-1.6818845
813,0.39598233
814,-0.3311307
815,0.9565366
816,1.0654774
817,0.17348526
818,-2.124342
819,-0.75651217
820,-1.4105834
821,0.1398966
822,-0.67867213
823,-1.5509987
824,-0.027663667
825,-1.3381119
826,0.81221694
827,-0.883721
828,-0.27820927
829,-0.28401673
830,0.04586188
831,-0.88139194
832,0.12501164
833,0.2392618
834,-0.36487538
835,0.07783108
836,0.009125278
837,0.72341776
838,-0.5232399
839,0.5215063
840,-1.72161
841,-1.4591411
842,-0.7868808
843,1.3053527
844,-0.28821278
845,-0.88517076
846,-0.8401034
847,1.3902358
848,-0.85292274
849,-2.2419267
850,1.1111435
851,0.37899026
852,2.630337
853,-0.8600753
854,-0.037331156
855,0.3902734
856,-1.6059492
857,-0.24837539
858,-0.4248336
859,0.8305629
860,-0.8190887
861,0.88076353
862,1.5733207
863,-0.8370338
864,-0.40275413
865,-0.88481456
866,2.4755683
867,-2.860483
868,0.77779096
869,0.06990219
870,0.49762025
871,-0.6408785
872,1.2133392
873,0.7779678
874,0.06398908
875,1.1613796
876,-0.018687263
877,0.021118348
878,-0.33490235
879,1.4274068
880,0.22126503
881,1.5144125
882,1.6105752
883,-1.3776788
884,-0.4402671
885,1.2575135
886,1.2420348
887,-0.6291775
888,-0.4954547
889,0.35380083
890,-0.35074908
891,2.89489
892,0.34152833
893,-0.42695007
894,-0.9045476
895,-0.28552455
896,-0.15061218
897,-0.59551287
898,-0.58636117
899,-1.2124739
900,2.2745605
901,0.3222646
902,-0.027453877
903,-0.7414918
904,-0.18836005
905,-0.20566802
906,-0.5421326
907,-2.5787017
908,-0.1590482
909,-0.09977131
910,1.3550107
911,1.0733817
912,-0.50552773
913,-1.2338251
914,0.34702107
915,-0.29081056
916,1.2744166
917,-0.8280035
918,0.01381001
919,0.64897305
920,1.0697588
921,1.403825
922,1.2784275
923,0.11254161
924,0.14672074
925,0.92025524
926,-0.17588446
927,0.0658558
928,1.4022939
929,0.5942588
930,0.89561176
931,1.8286029
932,-0.72674716
933,1.0735142
934,0.35588646
935,0.24641302
936,-0.51745576
937,0.16281943
938,-0.28529337
939,1.0149492
940,-0.47947043
941,0.91623473
942,-0.41834626
943,1.6010063
944,0.49030343
945,-0.62517715
946,0.095648974
947,0.90611076
948,1.7446263
949,-0.65335613
950,-0.575453
951,0.2881687
952,1.3523202
953,-0.68992853
954,-0.9649905
955,-0.19087815
956,1.2668021
957,0.61992526
958,-0.61350256
959,1.331774
960,-0.27247456
961,0.41892558
962,-0.6729219
963,-0.7549753
964,-0.6640267
965,1.2560728
966,-0.84730834
967,-1.280947
968,-0.19050843
969,-0.746077
970,-1.4822153
971,-0.04029367
972,1.1920998
973,-0.4749657
974,-0.5993476
975,-1.2224245
976,0.55596876
977,0.053902946
978,0.92023534
979,1.2009394
980,-0.69443417
981,1.4049506
982,0.45368978
983,-0.65669477
984,-0.086873285
985,-1.2784833
986,0.70059425
987,0.13512383
988,-0.19430016
989,-1.6560812
990,-0.095663324
991,-0.060022723
992,0.21068047
993,0.7292648
994,0.55019844
995,0.1346107
996,-1.8883536
997,0.11679469
998,-1.1171192
999,-0.5083835
1000,-1.5144625
1001,0.43447262
1002,-0.24664837
1003,-0.9105138
1004,-1.0766301
1005,-0.5436748
1006,-0.25915262
1007,-1.3585687
1008,-1.7615521
1009,1.1322358
1010,-0.052898
1011,2.5071578
1012,-0.4694555
1013,0.7475564
1014,0.4561758
1015,-0.7357742
1016,-1.0167001
1017,-0.022076625
1018,0.7236402
1019,0.4919965
1020,-1.1371363
1021,-1.9969691
1022,-0.43879414
1023,-0.69426167
1024,-0.11630067
1025,0.09186127
1026,-0.8411666
1027,1.5957183
1028,0.98058796
1029,0.18193708
1030,0.028900946
1031,0.48305959
1032,0.9576677
1033,1.7262619
1034,-0.24000518
1035,0.89853865
1036,-0.78212607
1037,1.5308617
1038,-1.0653654
1039,-0.19041958
1040,-0.13740148
1041,1.2894595
1042,-1.2031709
1043,0.60722786
1044,-0.7034953
1045,0.3079282
1046,0.053544916
1047,-0.8901697
1048,1.6285268
1049,-0.090767644
1050,1.0227598
1051,0.44778284
1052,-0.8313043
1053,2.17859
1054,0.7902853
1055,-0.039305884
1056,-0.5756358
1057,0.24545681
1058,-0.8402164
1059,0.51084423
1060,1.4417375
1061,0.5851593
1062,0.5071977
1063,0.2902932
1064,-0.3488019
1065,0.3555184
1066,0.7083379
1067,-0.875388
1068,0.21508895
1069,1.1220974
1070,-0.56645614
1071,-1.468825
1072,1.2948086
1073,0.7943603
1074,1.0073738
1075,-0.65446997
1076,-1.0220871
1077,0.28185412
1078,-1.1698825
1079,0.8825225
1080,-1.6273944
1081,-0.80131346
1082,1.1116681
1083,-0.6883199
1084,0.30423588
1085,-1.3645139
1086,2.9726274
1087,-1.12792
1088,0.8775286
1089,0.051275108
1090,0.32731563
1091,-0.14091711
1092,-0.339856
1093,-1.5074358
1094,0.41259933
1095,-1.1220824
1096,0.7689596
1097,-0.9968545
1098,-0.9993412
1099,0.5393792
1100,-0.24519123
1101,-1.4759116
1102,1.5522704
1103,0.72098804
1104,-0.46511173
1105,-0.8037202
1106,-2.2598572
1107,-1.4804274
1108,0.8091666
1109,0.86411864
1110,2.470366
1111,-1.0800854
1112,-0.8855133
1113,-0.42266485
1114,0.27555925
1115,0.10175642
1116,-0.08676305
1117,-0.8202197
1118,0.0021584209
1119,1.4739232
1120,1.3120137
1121,1.5734999
1122,0.2755909
1123,0.74188536
1124,0.069041245
1125,-1.4122927
1126,0.8163241
1127,-1.2766281
1128,-0.8771512
1129,1.8307703
1130,-0.9591218
1131,0.8321102
1132,0.78534776
1133,2.057779
1134,-1.1689779
1135,-0.2997471
1136,-0.7572768
1137,-0.25910285
1138,0.6522118
1139,0.24337773
1140,1.1783522
1141,1.9960268
1142,1.1780868
1143,0.71747756
1144,0.8744303
1145,2.3939579
1146,0.096091546
1147,-0.96873593
1148,0.15285233
1149,-1.803071
1150,0.037499808
1151,0.984794
1152,0.17375866
1153,-0.88712275
1154,0.16203506
1155,0.24440245
1156,1.7345846
1157,0.335319
1158,1.1265934
1159,-0.6129572
1160,-0.06899309
1161,-1.2385929
1162,0.21797428
1163,-0.5261212
1164,0.12785465
1165,0.8593811
1166,0.5690692
1167,-1.6880724
1168,0.69744563
1169,1.1132233
1170,-0.57318187
1171,-0.9934239
1172,-2.0038106
1173,-0.40248954
1174,0.39808178
1175,-1.6560024
1176,-0.30056196
1177,-1.8236085
1178,1.4511509
1179,-0.1440754
1180,-0.79062337
1181,0.89944625
1182,1.9035336
1183,-1.2104055
1184,-1.124116
1185,0.65642273
1186,-0.31772047
1187,1.2673552
1188,0.08625636
1189,2.1215477
1190,2.2853625
1191,2.0005167
1192,1.0375267
1193,-1.0390319
1194,0.47792083
1195,-1.8875394
1196,-0.33686498
1197,1.5376775
1198,-2.5279615
1199,0.12228027
1200,-1.7294707
1201,-0.14692676
1202,0.48255625
1203,1.0912596
1204,-1.5679615
1205,0.92811525
1206,0.5412803
1207,-1.1898978
1208,-0.5099218
1209,0.53718245
1210,-1.6475916
1211,1.2458252
1212,0.268332
1213,-0.117636606
1214,0.26020464
1215,-0.08956854
1216,-0.7149556
1217,-2.6397674
1218,0.6235121
1219,0.176844
1220,-0.8959569
1221,-0.74329877
1222,-1.9519056
1223,-1.1601331
1224,0.31233045
1225,-0.17674075
1226,-0.19875702
1227,-1.1519558
1228,-0.9582814
1229,0.5821992
1230,-0.5829841
1231,0.9789244
1232,-2.0595753
1233,-0.19582227
1234,0.19682106
1235,-0.89403844
1236,-0.18573792
1237,-0.77502435
1238,0.41042614
1239,-0.12421158
1240,-0.39521995
1241,0.18267626
1242,-0.23991369
1243,0.18501064
1244,-1.1632984
1245,0.97003657
1246,-1.2308437
1247,1.3407663
1248,-1.270493
1249,1.4728862
1250,-0.1000102
1251,-1.2240974
1252,0.62053126
1253,-1.3042895
1254,-0.049748436
1255,0.8072014
1256,1.4393861
1257,-1.3549373
1258,-0.23329619
1259,-0.7699174
1260,0.37877607
1261,0.88215375
1262,-0.31896907
1263,0.21834786
1264,-1.3574111
1265,-1.3486995
1266,-1.1339803
1267,0.89506394
1268,-0.5846688
1269,1.08547
1270,0.061863847
1271,-0.92227954
1272,0.20441964
1273,0.41273844
1274,-0.22340657
1275,-0.2737615
1276,-0.23018841
1277,0.15422757
1278,-0.12554419
1279,2.0391538
1280,0.55772775
1281,-0.5541455
1282,-0.29219434
1283,-1.3814338
1284,-0.074616954
1285,0.42300034
1286,-0.53302044
1287,-0.34037653
1288,-0.5193849
1289,-0.6427114
1290,-0.56950223
1291,-0.32925576
1292,0.7882529
1293,-0.09850133
1294,-0.6957791
1295,1.2570298
1296,-1.8405712
1297,0.38276437
1298,-1.1971644
1299,0.47694522
1300,0.5555761
1301,1.2057973
1302,-1.4486028
1303,1.5351369
1304,1.5326012
1305,0.98526424
1306,1.0310336
1307,0.20149074
1308,0.17801452
1309,0.18335105
1310,0.5411287
1311,-0.670015
1312,-0.06809597
1313,-0.18694592
1314,0.2804131
1315,0.6873183
1316,0.67855173
1317,-0.32421649
1318,0.17989786
1319,0.1584552
1320,0.86263007
1321,0.36576763
1322,-1.6657317
1323,1.17968
1324,0.50528455
1325,0.37772503
1326,-0.043651704
1327,-0.5116355
1328,-0.9501997
1329,-0.2891733
1330,0.46003067
1331,1.2117559
1332,-1.04539
1333,-0.72165805
1334,-0.36755252
1335,1.5596462
1336,0.3718761
1337,0.5472409
1338,0.4429134
1339,-0.24772091
1340,0.15514039
1341,1.1635
1342,-1.2941201
1343,-1.4432694
1344,-0.09653733
1345,0.40472782
1346,0.18746848
1347,-0.71246946
1348,-2.045675
1349,1.4935448
1350,-0.24329764
1351,-0.3496008
1352,0.036466938
1353,0.87858075
1354,1.3032949
1355,-0.8316541
1356,-0.62264293
1357,0.713578
1358,-0.54215074
1359,1.0824214
1360,1.9142271
1361,-0.6853574
1362,-1.0553821
1363,-0.05738688
1364,0.75326025
1365,-0.028803589
1366,1.1757324
1367,0.570274
1368,0.24465622
1369,-0.19050923
1370,1.4249241
1371,-1.2188123
1372,0.41226336
1373,0.56211954
1374,1.2204856
1375,0.023214592
1376,-0.061545987
1377,-1.0856706
1378,0.9983282
1379,-0.196226
1380,0.33035153
1381,1.13286
1382,2.0107455
1383,-0.13387178
1384,-0.26715204
1385,1.4731934
1386,0.41970253
1387,0.42839587
1388,0.09973757
1389,1.3211137
1390,0.032529578
1391,-0.28854686
1392,1.2172718
1393,0.94842064
1394,-0.9398754
1395,1.195039
1396,-0.24037682
1397,-0.085338704
1398,0.38303697
1399,-2.0078068
1400,-1.6592408
1401,-0.7276293
1402,1.1318644
1403,0.30163053
1404,-0.5730147
1405,0.6612749
1406,-0.071036
1407,0.5713869
1408,1.3451672
1409,0.6614126
1410,0.37448102
1411,-0.91229916
1412,-1.0737851
1413,-0.31180814
1414,0.52310324
1415,-1.7156549
1416,-0.47946653
1417,-1.2865669
1418,0.33818793
1419,2.0099065
1420,0.27356333
1421,-0.54174334
1422,-1.9841894
1423,-0.09314451
1424,-0.15451176
1425,0.8192171
1426,0.08439315
1427,0.58234173
1428,-1.7248316
1429,-1.4803352
1430,-0.78138906
1431,0.0074478327
1432,-0.42515826
1433,-0.6531653
1434,-0.2859087
1435,0.3013145
1436,0.6193639
1437,-1.985607
1438,-0.6211609
1439,0.23837076
1440,-0.74895215
1441,-1.37383
1442,-0.21105552
1443,-1.0957351
1444,-2.251549
1445,0.2370059
1446,-0.62362325
1447,-1.1822641
1448,0.4958642
1449,-0.12882443
1450,0.1459165
1451,-0.267838
1452,-1.6076976
1453,-0.13134564
1454,-0.07181159
1455,2.4358554
1456,0.75252587
1457,1.3141569
1458,-0.66294307
1459,0.7994859
1460,0.14913236
1461,0.26409382
1462,1.4390479
1463,0.4449817
1464,-0.15794806
1465,0.19008096
1466,0.27358124
1467,0.6210428
1468,-0.30332077
1469,0.4879886
1470,-0.7745467
1471,1.5666748
1472,-0.56820506
1473,1.5169327
1474,-1.9637995
1475,0.6270762
1476,-0.98837173
1477,0.20388474
1478,0.64471424
1479,-0.46899506
1480,0.85196257
1481,2.2740867
1482,-1.0115696
1483,-0.08682695
1484,-1.000613
1485,1.5159339
1486,0.580517
1487,1.5708117
1488,-0.9249725
1489,-0.3567191
1490,0.54147625
1491,-0.11799917
1492,1.436652
1493,-0.6421701
1494,0.53357667
1495,-0.78251904
1496,2.2871506
1497,-0.6821465
1498,0.16385362
1499,0.28597963
1500,-1.5446116
1501,0.12342645
1502,0.0990684
1503,1.5100979
1504,1.0389124
1505,-0.53759587
1506,0.77529067
1507,0.06448938
1508,-0.31696397
1509,-0.38925704
1510,-1.973533
1511,-1.6435553
1512,0.060976475
1513,-0.31212136
1514,-0.8176447
1515,-0.8641648
1516,-0.348488
1517,-0.15517567
1518,-0.42210117
1519,-0.03631016
1520,-0.52538383
1521,1.1497194
1522,-0.7045107
1523,-1.2937711
1524,1.1195787
1525,-1.220538
1526,0.610732
1527,0.5042816
1528,0.45286718
1529,-0.64497036
1530,-0.41762108
1531,0.26466522
1532,0.14065608
1533,0.12727733
1534,0.016020719
1535,-0.58545583
1536,1.8740196
1537,0.4845579
1538,-0.33269888
1539,-0.01770482
1540,0.2715518
1541,-0.57975733
1542,1.2541842
1543,1.9084284
1544,0.4979257
1545,-0.5980375
1546,3.0296113
1547,-0.16877857
1548,-0.67071843
1549,1.136738
1550,0.06507712
1551,-1.3452561
1552,0.82600987
1553,0.25480247
1554,0.528203
1555,-1.7517403
1556,-0.19720331
1557,1.1125035
1558,0.19977054
1559,-2.9769435
1560,-1.0237727
1561,2.0534697
1562,-0.6425905
1563,0.28362146
1564,0.23921508
1565,0.56981295
1566,0.43653724
1567,-0.15687627
1568,-0.63019055
1569,-1.3849306
1570,-1.3062221
1571,2.0038354
1572,0.07786091
1573,0.8540704
1574,-0.13299023
1575,0.15684201
1576,0.9960362
1577,-0.31145826
1578,0.677877
1579,0.56554496
1580,-1.1866035
1581,0.4473833
1582,-0.09017326
1583,1.4144561
1584,0.45408258
1585,-1.3010936
1586,0.6296453
1587,1.5707587
1588,-0.048522934
1589,-0.18990257
1590,0.8192651
1591,1.3325713
1592,1.1850017
1593,-0.18708302
1594,0.85855687
1595,-0.7785558
1596,-0.52741885
1597,0.5154704
1598,1.2503694
1599,0.93959606
1600,0.53121847
1601,-1.2732027
1602,-0.58311516
1603,-0.009179349
1604,-1.690434
1605,-1.7606771
1606,1.799422
1607,1.5322114
1608,0.91289884
1609,0.9729207
1610,-0.019922644
1611,-0.38872463
1612,0.5362088
1613,0.2222823
1614,0.38142857
1615,-0.27996117
1616,0.9507932
1617,0.3887374
1618,0.7678642
1619,0.2951053
1620,0.27895594
1621,-1.5740069
1622,-0.52174807
1623,-0.5960627
1624,0.9226591
1625,0.6544331
1626,0.4178352
1627,0.6750503
1628,-0.12339177
1629,0.295582
1630,-0.06979975
1631,-1.8260146
1632,-0.4257908
1633,-1.5903805
1634,0.52866405
1635,1.8145056
1636,1.8623925
1637,-0.5487137
1638,0.06514956
1639,-0.026600927
1640,0.026248114
1641,-0.5788894
1642,-0.5302957
1643,0.8317024
1644,-1.2457693
1645,0.70761067
1646,-0.2648078
1647,-0.2519206
1648,-1.0292755
1649,0.32715425
1650,-0.20838624
1651,-0.8730782
1652,0.90265375
1653,0.59001017
1654,1.4920843
1655,0.19025229
1656,1.249101
1657,0.096868366
1658,1.875779
1659,0.8213445
1660,1.6099197
1661,-0.6128275
1662,0.009618689
1663,-1.4525943
1664,1.2493603
1665,-0.80669284
1666,-0.17182957
1667,0.123349555
1668,0.3152998
1669,1.282639
1670,0.12242363
1671,0.45900378
1672,0.8715501
1673,-0.28395227
1674,-1.7017174
1675,3.0744596
1676,-0.012094194
1677,0.815297
1678,0.7567916
1679,-0.84567195
1680,2.6131034
1681,-0.01743905
1682,-0.41088536
1683,-0.8180318
1684,0.06398987
1685,-0.34381843
1686,-0.16423607
1687,0.3100167
1688,0.5704529
1689,0.5103577
1690,-0.46835712
1691,-0.33102056
1692,1.2637868
1693,1.9231468
1694,0.26151255
1695,-0.9971041
1696,-0.45832413
1697,1.4039383
1698,-0.49887082
1699,1.3751438
1700,0.65852463
1701,0.6824677
1702,0.841969
1703,1.587128
1704,-0.7135252
1705,0.18732876
1706,1.1704996
1707,-0.044482235
1708,-2.4632144
1709,0.6124875
1710,0.50463325
1711,-1.5569723
1712,1.0123883
1713,0.10990044
1714,1.6631756
1715,0.96957815
1716,0.865965
1717,-0.39054188
1718,1.9255992
1719,-0.80059195
1720,0.019468179
1721,-0.035709042
1722,0.05536314
1723,2.207146
1724,-1.2398835
1725,-0.72818434
1726,-1.3093971
1727,0.99209106
1728,-2.4078074
1729,0.2516361
1730,0.1972058
1731,-0.18226089
1732,0.17825454
1733,1.0707376
1734,0.45143357
1735,-1.801771
1736,0.48138428
1737,-0.21711926
1738,1.3903817
1739,0.70149255
1740,-0.5931624
1741,-1.29559
1742,-0.649759
1743,-2.3205948
1744,-0.3514887
1745,-0.43327934
1746,-0.2617281
1747,-0.92010206
1748,-0.13254778
1749,-1.0560638
1750,0.68164766
1751,1.2966028
1752,0.7281537
1753,-0.111746594
1754,1.0674998
1755,0.49904042
1756,1.0264566
1757,1.1063054
1758,-0.7860694
1759,-0.18422909
1760,-0.54526615
1761,0.65386766
1762,-0.68955564
1763,-0.7830308
1764,0.1648896
1765,2.375797
1766,-0.72435683
1767,0.59950495
1768,-0.9822939
1769,1.1738262
1770,0.46945423
1771,1.9942287
1772,0.18553476
1773,0.020972017
1774,1.1336126
1775,0.2086648
1776,0.3123522
1777,0.029752586
1778,-0.74205846
1779,0.69499993
1780,1.7951534
1781,1.3576335
1782,1.1243056
1783,1.1485798
1784,0.16142415
1785,0.064265095
1786,-0.2968404
1787,0.36553264
1788,-0.6689045
1789,-1.937018
1790,-1.2261796
1791,-1.323818
1792,1.6124294
1793,1.3225294
1794,-1.8638327
1795,0.72273904
1796,-1.6310699
1797,0.13315403
1798,0.5158166
1799,-1.4592279
1800,-0.52332306
1801,1.4294351
1802,1.17526
1803,-1.8174239
1804,0.6336218
1805,-0.87954634
1806,0.7599733
1807,-0.04861584
1808,0.0010884489
1809,-0.5713076
1810,-0.9512333
1811,-1.82313
1812,-0.11008526
1813,-0.13129961
1814,-0.5485645
1815,-0.2938633
1816,0.21084987
1817,-0.0040704925
1818,-0.09851182
1819,0.37400538
1820,0.5314166
1821,-0.114850454
1822,-0.44581142
1823,-0.67849356
1824,-0.34486017
1825,-1.5272247
1826,-1.0107988
1827,1.3510295
1828,0.13998175
1829,1.2314521
1830,-1.2099843
1831,0.50713587
1832,-0.1641096
1833,-0.84670115
1834,0.63585687
1835,-0.8662883
1836,-0.32995644
1837,0.09121529
1838,0.61290485
1839,-0.7688293
1840,0.8800221
1841,0.44155732
1842,-0.24051516
1843,1.1078928
1844,0.7973777
1845,0.40740645
1846,-0.61531484
1847,-0.62370116
1848,0.59909755
1849,0.84779876
1850,-0.5004201
1851,0.3664816
1852,-0.23918532
1853,1.0023699
1854,0.24875565
1855,-0.8257662
1856,-0.06804971
1857,-0.7800938
1858,-0.90332955
1859,0.83917487
1860,0.29326975
1861,0.10399983
1862,-0.4548261
1863,1.050096
1864,-0.12935735
1865,-0.84335995
1866,-0.39757314
1867,0.95746785
1868,1.9581482
1869,0.40965346
1870,0.045334317
1871,0.616247
1872,-0.080894664
1873,0.50091213
1874,-1.8262432
1875,0.74532527
1876,0.9776273
1877,0.096203625
1878,1.0038505
1879,-0.26114255
1880,-1.4608994
1881,-0.5834374
1882,-0.15998675
1883,-0.5480172
1884,1.6653205
1885,0.9583744
1886,0.05762586
1887,0.547175
1888,-0.057633117
1889,1.3574582
1890,0.42503497
1891,-2.6384313
1892,0.9095194
1893,0.20951648
1894,-0.16414383
1895,-0.30708557
1896,-1.0393991
1897,-1.7782103
1898,-0.3837647
1899,-1.0245351
1900,-0.44570395
1901,1.4053527
1902,-0.97525895
1903,0.6357953
1904,-1.5643748
1905,1.393809
1906,-0.83637744
1907,-1.1932416
1908,-1.0493035
1909,0.7337218
1910,1.3124678
1911,1.0829643
1912,-0.571023
1913,-0.7948957
1914,-0.5973915
1915,0.17882593
1916,-1.141758
1917,0.1411353
1918,1.1636001
1919,0.7083823
1920,-0.77846724
1921,0.43990996
1922,1.4522102
1923,1.4162436
1924,-0.88285625
1925,0.6045179
1926,0.96113986
1927,-0.5760744
1928,-0.042865664
1929,-1.1436948
1930,0.4479207
1931,-2.0898232
1932,0.44646627
1933,0.6722585
1934,0.6931807
1935,1.6465915
1936,-1.6242565
1937,-1.4239764
1938,0.02898566
1939,-0.28150025
1940,-1.6018944
1941,-0.14554457
1942,-0.6646568
1943,-1.2951026
1944,1.4512057
1945,-0.9482928
1946,0.059352834
1947,1.4248155
1948,0.8821075
1949,-0.99993926
1950,0.52983403
1951,0.05459764
1952,-0.46840662
1953,1.060912
1954,0.6191888
1955,-1.1574813
1956,1.2338432
1957,0.55896074
1958,-0.29178542
1959,0.5404443
1960,-0.1531553
1961,-1.5927546
1962,-2.1474493
1963,0.90848464
1964,1.8560691
1965,1.4288563
1966,-0.13943657
1967,2.417918
1968,0.20686355
1969,0.68273747
1970,-0.4684595
1971,0.119249836
1972,0.92686206
1973,-0.9571185
1974,0.23883747
1975,-0.8717703
1976,-0.18540627
1977,0.6217754
1978,0.30754814
1979,0.8024057
1980,0.07401232
1981,-0.12826383
1982,-1.4025207
1983,0.5163933
1984,0.4585777
1985,0.7491533
1986,-0.47845858
1987,1.5728817
1988,0.44143796
1989,-0.16880074
1990,-2.024175
1991,0.4755317
1992,0.3704796
1993,0.14078318
1994,-0.97250587
1995,1.0382447
1996,-0.27230066
1997,0.35106987
1998,1.0098386
1999,0.96818364
2000,1.1971122
2001,-0.17594129
2002,-0.21276611
2003,-1.163314
2004,-2.5040064
2005,-0.27561736
2006,0.30442488
2007,0.74839985
2008,0.62250954
2009,-0.4613394
2010,1.1583331
2011,-0.22730102
2012,2.4322124
2013,0.37838885
2014,0.77695507
2015,0.33753967
2016,0.060243078
2017,-1.826052
2018,1.5327735
2019,-0.3629605
2020,2.0621083
2021,-0.837976
2022,1.0924932
2023,-0.8886533
2024,-1.2830209
2025,1.0109634
2026,1.0754277
2027,-0.9463932
2028,0.272704
2029,-1.4781495
2030,-0.0876097
2031,0.17114006
2032,-0.83618635
2033,0.22158806
2034,-0.06909663
2035,-0.067096196
2036,0.93835074
2037,-1.0653137
2038,-0.25127023
2039,-0.3015774
2040,0.12275245
2041,-0.55500036
2042,-0.59580517
2043,-0.3063517
2044,-1.1606305
2045,-0.2604902
2046,-0.22057112
2047,-0.4982524
2048,-1.1261375
2049,-0.269251
2050,-0.91481346
2051,0.8399074
2052,0.46922186
2053,-0.58577
2054,-0.7940044
2055,1.2010663
2056,0.32775235
2057,0.020470444
2058,-0.10567695
2059,-0.9903752
2060,-0.08442752
2061,-0.17353265
2062,0.5831436
2063,-0.22625999
2064,3.1790006
2065,-1.2534806
2066,-0.76519114
2067,0.45350045
2068,0.57026136
2069,0.97932315
2070,-0.06047037
2071,-2.8169055
2072,-0.4748352
2073,1.3839085
2074,0.6508011
2075,-0.7761944
2076,-1.0353695
2077,-3.1623416
2078,0.36302856
2079,-1.3961798
2080,-0.43623555
2081,0.8298995
2082,-0.27405867
2083,1.9854091
2084,-2.864544
2085,1.1861824
2086,1.163613
2087,-1.3808348
2088,-0.37665287
2089,0.11674696
2090,-1.5547457
2091,0.08207586
2092,-0.558449
2093,0.361728
2094,1.2342861
2095,0.55371314
2096,0.42394373
2097,-0.99146104
2098,1.9928098
2099,-1.820429
2100,-0.7228331
2101,0.17654827
2102,-0.6090709
2103,-1.552577
2104,-0.68425065
2105,1.3801944
2106,-1.4472356
2107,1.0001488
2108,0.04980512
2109,-2.2321122
2110,-0.85020024
2111,0.49580845
2112,-0.7973978
2113,0.25378975
2114,-0.2641326
2115,-1.1625757
2116,-0.2561307
2117,-0.04414335
2118,1.0969336
2119,0.68304294
2120,-0.27782547
2121,-0.7826534
2122,1.0702469
2123,-0.788661
2124,-1.0344975
2125,-1.0174453
2126,0.41424748
2127,-0.10398247
2128,-1.0326056
2129,0.06043559
2130,0.1892203
2131,-0.9465192
2132,0.065982044
2133,0.44109303
2134,0.5079853
2135,-0.77993554
2136,-0.080198266
2137,-0.39029706
2138,-0.8891866
2139,0.6510379
2140,-0.2778147
2141,-0.09227615
2142,0.09366956
2143,-0.5290103
2144,0.46089652
2145,-0.5023816
2146,-0.7218974
2147,-0.1908928
2148,-0.11884641
2149,0.10225226
2150,0.4367108
2151,-0.55755424
2152,-1.3189604
2153,-0.12950073
2154,-0.10086519
2155,0.878782
2156,-0.12762426
2157,0.49346855
2158,1.1014588
2159,-0.96298516
2160,1.5895586
2161,-0.75502646
2162,-0.40331215
2163,-0.16322182
2164,0.37263364
2165,0.6369593
2166,-0.7115643
2167,0.028831882
2168,0.85477567
2169,0.04601302
2170,-0.3234147
2171,-2.2911878
2172,0.348831
2173,-1.5534117
2174,-3.2684267
2175,1.2698272
2176,1.2668836
2177,0.34891272
2178,-1.2496816
2179,-0.91846603
2180,0.49711442
2181,-0.7177249
2182,-0.5497196
2183,-2.2048128
2184,-0.7789344
2185,-1.1406516
2186,0.00089939375
2187,1.1602827
2188,-0.005291615
2189,-0.35985687
2190,-1.069951
2191,-1.1133069
2192,-1.2891849
2193,0.14511073
2194,-1.6859317
2195,1.7275867
2196,0.21335879
2197,-1.4824454
2198,-0.35707945
2199,0.37406513
2200,-1.3851433
2201,-0.8479062
2202,0.8050394
2203,-0.5557801
2204,1.0587995
2205,2.0529752
2206,-1.668603
2207,0.5760252
2208,-0.61897135
2209,0.27864978
2210,-0.62918353
2211,1.057376
2212,-0.71492076
2213,-0.18441603
2214,2.123186
2215,-0.9546563
2216,1.6793864
2217,1.8445607
2218,-0.0362303
2219,-1.2273167
2220,1.4404829
2221,0.24652399
2222,-1.7408512
2223,0.28121233
2224,1.9351639
2225,-0.89099485
2226,-2.10256
2227,-0.034049314
2228,-1.3484375
2229,-0.22449681
2230,1.086576
2231,-0.49959603
2232,-0.48686466
2233,-0.122190475
2234,-0.45167586
2235,-1.9807363
2236,0.7183107
2237,-0.3720113
2238,0.50990283
2239,0.46343675
2240,-0.053637754
2241,-0.471089
2242,0.56629115
2243,0.8556006
2244,-0.17544626
2245,-0.11509355
2246,-0.34115738
2247,-1.0891633
2248,4.1246614
2249,-0.07374734
2250,0.61833096
2251,-0.58199066
2252,-0.97528285
2253,0.18596387
2254,0.8028573
2255,0.6263823
2256,-0.4846258
2257,1.5633533
2258,1.115143
2259,-2.1564975
2260,0.9873358
2261,-0.956909
2262,0.40725568
2263,0.06457493
2264,-0.63764745
2265,0.384073
2266,-1.5569509
2267,-1.3201402
2268,-0.4368754
2269,0.10424936
2270,-0.26604667
2271,-1.6122625
2272,1.7388264
2273,1.3695753
2274,0.057850532
2275,0.56534106
2276,0.695553
2277,-0.7910478
2278,0.109919906
2279,0.23507069
2280,0.5454644
2281,0.337382
2282,0.8780567
2283,-0.53790534
2284,0.25346786
2285,-0.47799712
2286,0.7698583
2287,-0.13788058
2288,0.4562766
2289,0.38340485
2290,-0.7889676
2291,-0.73112375
2292,-0.75010866
2293,-1.3208176
2294,0.7237773
2295,-1.3331419
2296,1.0168997
2297,-0.08082402
2298,-0.11523024
2299,-0.7552534
2300,0.26585278
2301,-0.6059418
2302,0.13190347
2303,-0.31563565
2304,-1.3326389
2305,-0.05651903
2306,-0.68889946
2307,-1.1618581
2308,-0.280012
2309,-0.8421745
2310,-1.708842
2311,-0.21991163
2312,-1.0741243
2313,-1.2681267
2314,-1.4583676
2315,-0.40024528
2316,-1.5217133
2317,-1.761776
2318,-0.52864707
2319,1.3137952
2320,-1.1932667
2321,-0.13918072
2322,0.6355724
2323,1.1682636
2324,-0.35509375
2325,-1.3541628
2326,-0.6179402
2327,1.3028467
2328,0.7020817
2329,-0.42466405
2330,1.5325387
2331,-0.733309
2332,0.94735706
2333,0.56377673
2334,-1.528114
2335,-1.6151237
2336,0.41423905
2337,-0.24082096
2338,2.4488704
2339,0.673042
2340,0.49527436
2341,1.3209163
2342,-0.079239786
2343,-0.6968552
2344,-1.8078407
2345,-0.22370215
2346,-1.2492259
2347,-1.9290619
2348,-1.8037652
2349,-0.12975626
2350,-1.0886652
2351,1.0934556
2352,-3.7303421
2353,-1.9719858
2354,-0.52442795
2355,-0.57449174
2356,-0.5454188
2357,-0.052572545
2358,-0.026756624
2359,-0.20912622
2360,0.2663557
2361,-0.03629436
2362,0.68700844
2363,-0.9869009
2364,-0.96764946
2365,0.17574199
2366,-1.2987523
2367,0.24235384
2368,1.0946971
2369,-1.3353045
2370,1.2439369
2371,0.09694545
2372,-0.9333777
2373,-1.2954402
2374,-1.4474026
2375,-0.9305167
2376,1.162611
2377,-0.38212582
2378,0.009960832
2379,1.2383616
2380,-2.8586402
2381,-1.4887654
2382,0.80277747
2383,0.12225332
2384,-1.3178723
2385,0.07244424
2386,-0.6494214
2387,-1.3008978
2388,-0.23030244
2389,0.9607823
2390,1.2573301
2391,-0.7924357
2392,2.0503292
2393,-0.43173087
2394,-0.7374784
2395,1.121389
2396,-0.76145595
2397,-1.7271469
2398,-0.3888616
2399,-0.5254185
2400,0.010747104
2401,0.034666084
2402,-0.0023330492
2403,-0.69869256
2404,0.09293195
2405,-0.2004567
2406,0.85637283
2407,-1.5173362
2408,1.5862228
2409,0.81256896
2410,1.9085554
2411,0.8508371
2412,-2.8274443
2413,-1.5281578
2414,0.39120978
2415,0.120436855
2416,-0.31922898
2417,2.108701
2418,-0.9463878
2419,-0.4878544
2420,-0.29723442
2421,0.42236146
2422,0.46774462
2423,-0.1501036
2424,0.2913523
2425,-0.65159494
2426,-0.09111496
2427,1.028685
2428,1.0819237
2429,-1.4476198
2430,-0.13265973
2431,-0.04405414
2432,2.731001
2433,1.3701438
2434,1.9026929
2435,-0.6111864
2436,-0.1316546
2437,1.8051015
2438,1.0820674
2439,0.5369238
2440,0.026105944
2441,-0.12359885
2442,0.034796625
2443,-0.3649253
2444,-0.20781076
2445,-1.0910374
2446,1.5280443
2447,-0.26757193
2448,2.032365
2449,1.0137119
2450,-0.74175507
2451,-0.1934496
2452,-0.63090944
2453,-0.2115606
2454,-0.7692035
2455,1.3030925
2456,0.2332664
2457,-1.5691323
2458,-1.3898824
2459,0.25696304
2460,0.3162756
2461,-2.1630185
2462,0.59798735
2463,-0.39219558
2464,-0.34730044
2465,0.37437943
2466,-0.64809513
2467,0.18179971
2468,-0.02599007
2469,0.58881485
2470,0.829858
2471,1.809317
2472,-0.46169126
2473,0.07744859
2474,-1.042303
2475,0.18568225
2476,0.4767627
2477,0.34824246
2478,0.3208762
2479,0.9147195
2480,-0.5500594
2481,-0.35753134
2482,-1.1373138
2483,-0.13297634
2484,-0.7105668
2485,-0.99281913
2486,0.0111910915
2487,0.049188018
2488,-0.7645334
2489,-0.8717872
2490,0.42656797
2491,-0.4281162
2492,-0.66793025
2493,-0.83348554
2494,0.6719922
2495,-0.9875495
2496,1.3440069
2497,-0.9318367
2498,0.3601948
2499,1.5168095
2500,-0.694551
2501,-1.0846443
2502,-0.40951997
2503,-0.48549768
2504,-0.18197943
2505,0.4767258
2506,-0.634921
2507,0.07825369
2508,0.3146353
2509,-0.9736871
2510,0.37892196
2511,0.32221785
2512,-0.05277107
2513,1.3520144
2514,-0.6170053
2515,-1.92623
2516,0.49036488
2517,-0.008023854
2518,0.55114007
2519,0.331916
2520,1.3639121
2521,-1.4109389
2522,1.0814159
2523,1.3375016
2524,0.31360814
2525,-1.1118659
2526,0.70207417
2527,0.4519861
2528,0.10870009
2529,0.4292507
2530,-0.59451973
2531,0.1880028
2532,0.8975339
2533,-0.634465
2534,1.3444915
2535,0.6584385
2536,0.3860208
2537,0.39348707
2538,2.4346924
2539,-0.044602662
2540,0.5234487
2541,-0.015246441
2542,1.0945637
2543,-0.90042114
2544,0.38312015
2545,0.66943604
2546,0.9236009
2547,0.16920842
2548,-0.688935
2549,-0.4145239
2550,-0.3717377
2551,-0.20680502
2552,-0.39193907
2553,0.58227193
2554,-0.15018389
2555,1.0561726
2556,-1.1770205
2557,0.43435884
2558,-0.22960302
2559,0.0970675
2560,-1.9698457
2561,0.52537745
2562,-2.2909272
2563,0.7208397
2564,0.8213784
2565,1.5192331
2566,0.7796072
2567,0.65472466
2568,1.6526601
2569,-0.64710087
2570,0.40380105
2571,0.8479501
2572,2.039164
2573,0.842237
2574,0.08845092
2575,1.0340964
2576,1.23658
2577,1.2751765
2578,-0.3584202
2579,0.048548833
2580,0.5722734
2581,-0.11920834
2582,0.424765
2583,0.7266954
2584,1.6492308
2585,-0.6052886
2586,-1.5788896
2587,-0.6632232
2588,-1.7943631
2589,0.5369156
2590,-1.0857484
2591,0.73439777
2592,1.2939386
2593,-0.3316525
2594,-1.570197
2595,-0.7553961
2596,0.37676427
2597,-1.4020358
2598,1.1687138
2599,0.6279409
2600,-1.3903942
2601,1.2359047
2602,2.3093436
2603,0.052171305
2604,-1.2719604
2605,1.4068402
2606,1.1207672
2607,1.0688744
2608,-0.5903003
2609,0.84449553
2610,0.45196262
2611,0.7288002
2612,0.72482467
2613,0.46079263
2614,1.1278824
2615,-0.060259826
2616,-0.39754868
2617,-0.71276474
2618,0.5865959
2619,-1.4643278
2620,-0.18167266
2621,-2.406853
2622,0.50228447
2623,1.6412922
2624,0.18916954
2625,0.044658195
2626,-0.091596186
2627,0.27638793
2628,-0.6575347
2629,-0.72486746
2630,-0.90400124
2631,0.71887624
2632,2.2406554
2633,0.06172146
2634,0.039999872
2635,0.058759157
2636,0.17006136
2637,0.38642588
2638,1.0443121
2639,0.2430996
2640,-0.8955768
2641,-1.4685835
2642,-0.053450353
2643,-2.2501833
2644,0.15851027
2645,1.1488229
2646,0.27762192
2647,-1.1143745
2648,0.19982909
2649,-0.52323055
2650,-0.3219829
2651,0.61315995
2652,1.5267313
2653,1.4692911
2654,-0.8303492
2655,-1.125472
2656,0.594296
2657,-0.20481178
2658,1.880331
2659,-1.1761642
2660,-1.1825904
2661,-1.9984326
2662,-0.14569287
2663,0.6311319
2664,-1.264466
2665,-1.4733437
2666,-0.2570311
2667,0.086425975
2668,-0.13284151
2669,-0.40254468
2670,-0.24573705
2671,-0.010725474
2672,-0.17082419
2673,-0.17948364
2674,-0.023402426
2675,-0.4395608
2676,-0.8521414
2677,-1.9091041
2678,-0.46461505
2679,0.8235028
2680,0.8050498
2681,0.35524598
2682,-3.4269793
2683,0.16856216
2684,-0.70099425
2685,0.2555202
2686,0.5710808
2687,1.1855782
2688,-0.13155688
2689,0.5826525
2690,0.017325634
2691,-0.811417
2692,-0.34867656
2693,0.0062007033
2694,-0.9011808
2695,-1.0105766
2696,-0.24726126
2697,-0.42600206
2698,1.7481457
2699,-2.2938213
2700,0.5963946
2701,-1.1093376
2702,-1.6623005
2703,-1.7151141
2704,0.10153991
2705,-0.5335019
2706,0.34927952
2707,-1.2941228
2708,1.3176266
2709,1.3801738
2710,0.5313849
2711,0.28495607
2712,0.14636649
2713,0.23122707
2714,-1.4128048
2715,0.47191492
2716,0.5402376
2717,0.57942677
2718,-1.225398
2719,-0.7440771
2720,-0.59461766
2721,-0.12960881
2722,-0.98025334
2723,-0.42164108
2724,0.116341166
2725,-0.38024706
2726,1.7144204
2727,1.3960193
2728,0.6471624
2729,-1.186507
2730,1.0009542
2731,0.6221738
2732,-0.117713414
2733,1.1041874
2734,0.47773454
2735,-0.11374253
2736,-1.3301804
2737,1.5487719
2738,-0.69173074
2739,1.1865627
2740,0.7824883
2741,1.277315
2742,-0.5994839
2743,0.58731514
2744,0.26997998
2745,-0.23724514
2746,-0.8845452
2747,-0.6688992
2748,0.077724114
2749,-0.27768347
2750,0.4343905
2751,-0.6165946
2752,-0.57947177
2753,-1.7186805
2754,1.284737
2755,-0.20235941
2756,1.255486
2757,-0.97593504
2758,-0.24494015
2759,-1.2111301
2760,-0.45264044
2761,-0.04502973
2762,-1.4956208
2763,-1.0130668
2764,1.2664307
2765,1.3485403
2766,-0.00848097
2767,0.8902912
2768,-0.032193404
2769,0.08133779
2770,0.11052659
2771,-0.050509274
2772,0.67863244
2773,-0.18709396
2774,-1.8809453
2775,1.9195096
2776,0.71268624
2777,0.07471803
2778,0.002424983
2779,-1.3777438
2780,-0.7073854
2781,1.3965887
2782,0.06523992
2783,-0.73908037
2784,1.408272
2785,1.4451983
2786,0.8850351
2787,-2.308017
2788,0.5209527
2789,-1.0139956
2790,0.95913726
2791,0.9206097
2792,-0.1960998
2793,2.8035753
2794,0.13322316
2795,-0.45174146
2796,1.0151684
2797,2.2031198
2798,0.9136321
2799,0.624051
2800,-2.0799172
2801,0.6505901
2802,0.8530775
2803,-0.50384754
2804,-0.7886794
2805,1.1833593
2806,1.5734578
2807,1.7695539
2808,0.8532986
2809,-0.18884195
2810,1.0157626
2811,-0.31996647
2812,0.283366
2813,0.016497424
2814,1.3099881
2815,-2.2633345
2816,0.51619947
2817,0.46298394
2818,-0.839004
2819,1.8662349
2820,0.3348853
2821,-0.10630524
2822,-0.10109967
2823,-0.52474105
2824,-0.34005365
2825,-0.026412273
2826,0.5946259
2827,-0.246695
2828,-1.3313508
2829,1.2881044
2830,-1.2414079
2831,-0.1486217
2832,1.18529
2833,0.676492
2834,2.8947685
2835,0.70198184
2836,-0.9545126
2837,-0.7775129
2838,0.19527832
2839,-0.34162018
2840,-0.09705628
2841,0.13093936
2842,-0.28410113
2843,-0.1915987
2844,-2.1151476
2845,0.934499
2846,0.1294154
2847,0.7298472
2848,-0.914648
2849,-0.072604336
2850,-1.0801872
2851,0.22493994
2852,-1.1002418
2853,1.0931993
2854,-0.026082115
2855,0.38714013
2856,-1.0564696
2857,-2.0425463
2858,-0.65930367
2859,-1.2493073
2860,0.19570093
2861,-0.6089103
2862,2.3195038
2863,-1.1409686
2864,1.06691
2865,-0.6312276
2866,-1.6883099
2867,-0.46605477
2868,-1.300722
2869,-0.31131756
2870,-0.0458621
2871,0.39931464
2872,0.7331551
2873,0.31832072
2874,-1.461723
2875,0.66454554
2876,0.942022
2877,-0.9967246
2878,-0.49647284
2879,0.2928951
2880,0.13663658
2881,0.3493245
2882,-0.8939307
2883,-0.6032074
2884,1.0382553
2885,-1.0317563
2886,-1.7511895
2887,-1.1668562
2888,0.76293576
2889,-0.086900145
2890,-0.22541377
2891,-1.1412542
2892,0.024016334
2893,0.23383743
2894,-0.9101702
2895,0.4503343
2896,0.6689653
2897,0.84337485
2898,1.5628924
2899,0.17636055
2900,1.1315616
2901,-0.9677088
2902,1.424217
2903,-1.063512
2904,-0.13081554
2905,0.67277527
2906,-1.2550254
2907,0.17427066
2908,1.4456934
2909,1.5839949
2910,-0.8109637
2911,0.6211183
2912,1.281394
2913,1.4922614
2914,1.09553
2915,0.4280469
2916,-0.763537
2917,-0.71193874
2918,-1.7072252
2919,1.8334959
2920,-0.26154712
2921,-0.92675257
2922,-0.65641165
2923,0.6714184
2924,-0.579817
2925,0.94862413
2926,0.96852523
2927,-0.428183
2928,1.3686446
2929,0.98833233
2930,-1.53218
2931,-0.50976014
2932,-0.4768342
2933,1.1565142
2934,0.7773153
2935,-0.54781395
2936,-0.49344337
2937,-1.3011817
2938,0.47696692
2939,-0.5730664
2940,-0.12369625
2941,0.49642602
2942,0.4175659
2943,-0.42056572
2944,0.43399808
2945,-1.114948
2946,0.25778893
2947,0.67576057
2948,0.3712298
2949,-1.0709699
2950,-1.3498814
2951,-0.74270356
2952,0.16019186
2953,-1.0485945
2954,-1.0512972
2955,-0.9985672
2956,0.51711184
2957,0.5058572
2958,0.79274297
2959,-1.3363811
2960,0.037626114
2961,0.53962195
2962,-1.5209767
2963,-1.275138
2964,-1.2874358
2965,0.989289
2966,0.32635573
2967,-0.44898105
2968,1.7245504
2969,-0.76341283
2970,-0.965925
2971,1.9225255
2972,-0.20309043
2973,-2.0314925
2974,0.8259148
2975,-0.39542335
2976,1.6269675
2977,0.24002418
2978,-0.88436866
2979,-1.4990743
2980,-1.095492
2981,-0.52876514
2982,0.041414797
2983,-1.2448257
2984,0.2364106
2985,1.1637237
2986,-0.19387805
2987,0.41215748
2988,0.22168598
2989,0.55715144
2990,-1.4991541
2991,0.2495818
2992,-1.1651982
2993,0.7876715
2994,-0.3433562
2995,-0.3980669
2996,-0.18064983
2997,0.1662371
2998,0.09742807
2999,0.7540579
3000,-0.5437107
3001,-0.8190782
3002,0.7676544
3003,0.15627024
3004,-1.2966702
3005,-1.4872423
3006,-0.24593702
3007,0.5295346
3008,0.20890346
3009,-1.8745338
3010,-0.89401287
3011,-1.4073738
3012,1.1869823
3013,-0.017953148
3014,-1.7186521
3015,1.6688682
3016,-1.7116272
3017,-0.038895253
3018,-0.7894849
3019,-0.77020264
3020,2.7111468
3021,-1.6015375
3022,0.76002973
3023,1.0919812
3024,-0.76535994
3025,0.36515358
3026,-0.33473656
3027,0.13397297
3028,-0.060647406
3029,0.09761991
3030,0.36596885
3031,-0.068281345
3032,-0.3071965
3033,-2.2030325
3034,0.43124142
3035,-1.1627481
3036,-0.8198992
3037,0.8800277
3038,-2.17283
3039,0.13752222
3040,-0.887529
3041,-2.0694363
3042,-0.21556464
3043,1.1972082
3044,0.04803642
3045,1.5868047
3046,-0.8136034
3047,0.16486211
3048,-0.14007339
3049,1.0638168
3050,-0.6062422
3051,-0.50754666
3052,-0.4711973
3053,-0.64305943
3054,1.3908564
3055,-0.7623888
3056,-0.14841595
3057,-0.7935143
3058,0.1964517
3059,0.010964115
3060,-1.0420953
3061,0.99132675
3062,-0.69693893
3063,0.054656573
3064,1.3462046
3065,1.2509594
3066,0.2592578
3067,1.8298762
3068,-1.302011
3069,-0.83376217
3070,-0.5627953
3071,0.720613
3072,0.8745377
3073,0.80372155
3074,0.02955482
3075,-0.70812416
3076,0.060022097
3077,1.6140566
3078,0.24400926
3079,0.46805617
3080,0.8001379
3081,0.18205506
3082,-0.97138625
3083,0.24389708
3084,-0.057331163
3085,1.2036715
3086,0.46219835
3087,-0.5686247
3088,-0.6873784
3089,2.1669238
3090,-0.5583336
3091,-0.072228916
3092,-1.8649583
3093,-0.208481
3094,-2.518614
3095,-1.5916686
3096,-0.26896626
3097,-0.5931752
3098,0.77182615
3099,-0.18807976
3100,2.024201
3101,0.7932376
3102,0.76110274
3103,-0.29108587
3104,0.28131625
3105,-0.3098386
3106,-1.4587083
3107,0.5224403
3108,-0.56794286
3109,-0.64232767
3110,2.291114
3111,-0.31135005
3112,0.6444797
3113,0.08747158
3114,0.21617185
3115,1.0061916
3116,0.8185277
3117,0.17685625
3118,1.2017505
3119,-0.6893936
3120,0.49788532
3121,-0.91240793
3122,0.41151747
3123,-0.31594634
3124,-1.3352801
3125,1.4290851
3126,0.686384
3127,-1.0095941
3128,-2.1279252
3129,-0.6315254
3130,-0.25370336
3131,-0.7501237
3132,0.5452303
3133,-0.26920915
3134,2.0085628
3135,-1.1336006
3136,-1.6545696
3137,-1.004342
3138,-0.99439794
3139,-0.82920474
3140,1.0510147
3141,-0.9139215
3142,-0.5277132
3143,0.102732554
3144,-1.8579764
3145,1.4418684
3146,-0.8094215
3147,-0.8308539
3148,2.2318952
3149,0.7317685
3150,-1.9735514
3151,0.23948799
3152,-0.962392
3153,-0.17509541
3154,-0.039032903
3155,-0.5727762
3156,-0.55995905
3157,-0.9657792
3158,-1.2351646
3159,-0.091364734
3160,1.3882798
3161,0.026594784
3162,0.027403053
3163,0.0793612
3164,-0.61327666
3165,-1.3184997
3166,-0.3930995
3167,-0.76440346
3168,-0.17176723
3169,0.37761945
3170,-1.9284391
3171,0.40415832
3172,0.18532312
3173,-0.98549443
3174,-1.5515336
3175,1.6148018
3176,0.16889907
3177,-0.39033335
3178,-1.3166004
3179,-1.8794912
3180,-0.49670234
3181,0.6632348
3182,-1.9289943
3183,-0.34223983
3184,-0.5248655
3185,0.58526254
3186,-2.2398987
3187,-0.15206565
3188,-1.4141282
3189,0.7783915
3190,-0.59563917
3191,-0.45929778
3192,0.30439138
3193,2.0061018
3194,0.63072646
3195,-0.97288483
3196,0.49289346
3197,0.0619204
3198,0.9654707
3199,0.25854784
3200,-0.3074332
3201,-1.4717534
3202,-1.2687539
3203,-0.22718379
3204,-0.19948275
3205,-1.1223238
3206,0.5790424
3207,-0.45942658
3208,0.06800229
3209,-1.0982809
3210,2.5647843
3211,-0.19698244
3212,0.34331375
3213,-0.6262312
3214,-0.7670062
3215,1.1147112
3216,0.9654613
3217,-0.49734336
3218,-1.1846291
3219,2.095506
3220,-0.75040287
3221,-1.8512255
3222,-1.7049041
3223,1.2111355
3224,0.016516801
3225,-1.6873566
3226,-1.8026619
3227,0.7068945
3228,-0.3646361
3229,-0.9886089
3230,-0.6886871
3231,-1.116233
3232,-1.0620452
3233,-0.04166917
3234,-1.7171022
3235,0.9756577
3236,-0.46505144
3237,-1.0457821
3238,0.0317905
3239,-0.5568712
3240,1.1850642
3241,0.29414597
3242,-0.34817424
3243,-0.4385771
3244,-0.89101887
3245,-0.110968426
3246,-0.3682938
3247,0.17667551
3248,1.1777374
3249,-0.7621021
3250,-0.51276726
3251,2.7810848
3252,-1.1050621
3253,0.9818438
3254,-0.8997098
3255,0.6562134
3256,-0.027938182
3257,-0.23561606
3258,-0.10112746
3259,-0.61612874
3260,1.3384291
3261,-2.5675323
3262,-2.1460469
3263,-0.57047117
3264,-0.15167646
3265,-1.8027838
3266,-0.65921074
3267,-2.7072647
3268,0.8619056
3269,0.25786382
3270,-0.4130129
3271,0.7714796
3272,-0.96972287
3273,1.0646843
3274,0.5659276
3275,-1.157258
3276,0.16534261
3277,1.3107606
3278,-0.38649544
3279,0.39954466
3280,-0.032059073
3281,-0.58214605
3282,0.5937534
3283,1.5877479
3284,-0.14871673
3285,-0.7433503
3286,1.6375403
3287,-0.20743288
3288,0.82115924
3289,0.9281373
3290,-1.0361317
3291,0.26712844
3292,0.8912469
3293,-0.66118276
3294,-0.28455982
3295,-1.901326
3296,-0.37119004
3297,-0.07925677
3298,-0.19737095
3299,-0.32191497
3300,0.45479777
3301,0.8433956
3302,0.6613178
3303,-0.57228833
3304,-1.1397101
3305,0.61864156
3306,0.5057053
3307,0.4701753
3308,0.83457726
3309,0.8788106
3310,0.19428273
3311,1.0652566
3312,0.3606696
3313,-0.40163332
3314,0.47750407
3315,0.22326548
3316,-1.7377266
3317,-1.07881
3318,0.44609493
3319,1.7230183
3320,-1.4434775
3321,-1.2369667
3322,-0.26054236
3323,-0.11702442
3324,-0.8238548
3325,-0.82829535
3326,0.63834167
3327,-2.4814148
3328,-0.22141355
3329,0.42848244
3330,-0.48769054
3331,-1.8527837
3332,0.2028501
3333,-0.35916683
3334,0.66066897
3335,0.3196798
3336,0.16762638
3337,-0.54824007
3338,0.36647102
3339,-0.25390732
3340,-0.21041778
3341,0.42743593
3342,0.032389626
3343,-0.4663542
3344,0.23771226
3345,0.8416811
3346,-0.07044993
3347,0.5537964
3348,-3.7299328
3349,-2.1463501
3350,-0.15762447
3351,-0.24622731
3352,-0.09230484
3353,1.6244936
3354,0.45037812
3355,-0.2233724
3356,1.7590985
3357,0.19441357
3358,1.396568
3359,0.57837343
3360,0.057791673
3361,-0.39095542
3362,0.6955506
3363,-0.97200704
3364,-0.20342977
3365,0.3356179
3366,-1.8298378
3367,0.5295553
3368,0.3876308
3369,-0.20529032
3370,-0.34491614
3371,0.6917847
3372,0.21670762
3373,-0.034196544
3374,-1.5866905
3375,-0.4576998
3376,0.49094346
3377,1.1066283
3378,-0.11529381
3379,0.36301652
3380,-0.47229448
3381,-0.138074
3382,-2.0708342
3383,0.42112944
3384,0.8770287
3385,0.42190486
3386,0.6542928
3387,0.38767773
3388,0.5509832
3389,-0.70192546
3390,-0.7673007
3391,-0.8130829
3392,-1.1236957
3393,0.43394327
3394,1.4261051
3395,0.1795703
3396,-0.062320266
3397,0.7006703
3398,1.0569909
3399,-0.965587
3400,-0.67974883
3401,0.11465415
3402,0.27495924
3403,-1.2844305
3404,0.5920148
3405,1.2225547
3406,-0.9214338
3407,-1.2337277
3408,-0.4242181
3409,1.205953
3410,-0.19892892
3411,0.79057944
3412,0.4014681
3413,-0.2420627
3414,-1.1767946
3415,-0.13122825
3416,0.08640519
3417,0.40364665
3418,1.3354973
3419,-0.0777272
3420,0.4379407
3421,-1.3435726
3422,1.0643286
3423,-0.500522
3424,0.1904793
3425,-0.037558943
3426,-3.342433
3427,-0.5933326
3428,0.23856254
3429,-0.8087044
3430,0.4525816
3431,1.3879657
3432,-0.35040206
3433,-1.309039
3434,-0.10019401
3435,1.30011
3436,-1.3798846
3437,-0.17985581
3438,-0.030854575
3439,-0.5523699
3440,-0.10935836
3441,0.5157244
3442,-0.47893253
3443,0.26117426
3444,0.5372714
3445,-0.42365777
3446,-1.0378542
3447,-1.6190726
3448,-0.3348769
3449,-1.0001398
3450,1.5606636
3451,-1.126626
3452,-0.8970589
3453,-0.81574583
3454,-1.5987576
3455,-0.35646576
3456,1.0253582
3457,0.2988161
3458,0.6366447
3459,0.11463676
3460,-0.31379673
3461,0.09560865
3462,-1.8665851
3463,-0.14066169
3464,-0.7938501
3465,1.5824113
3466,0.07042373
3467,-1.4034939
3468,-0.3795429
3469,-1.9629787
3470,0.1895644
3471,0.13189971
3472,0.34071502
3473,0.88289845
3474,-1.1569904
3475,1.5766895
3476,0.53933364
3477,-0.9558969
3478,-0.90594137
3479,2.4042635
3480,-0.8213094
3481,0.20248617
3482,-1.8331165
3483,-0.24496612
3484,-1.4464107
3485,-2.6460314
3486,1.2517726
3487,-0.2598886
3488,0.93998957
3489,0.69668853
3490,-1.4251441
3491,1.6848361
3492,-0.397197
3493,0.5658418
3494,-0.47837815
3495,0.3034328
3496,-0.10151414
3497,0.43800166
3498,0.32593086
3499,-1.6708738
3500,0.7408812
3501,0.669507
3502,-0.15288125
3503,-0.18771519
3504,-0.17180778
3505,-1.2532848
3506,-1.6818991
3507,0.9731021
3508,1.4873375
3509,-0.13760543
3510,-0.86882716
3511,0.31055266
3512,0.41493016
3513,0.53962
3514,-1.1319133
3515,0.36784753
3516,-0.005699751
3517,1.1082611
3518,-0.8576979
3519,0.71095806
3520,-1.194806
3521,0.17605329
3522,0.42083287
3523,0.48301685
3524,0.60742015
3525,-0.16900457
3526,-0.8693
3527,-0.18959208
3528,-0.44429922
3529,-1.0668128
3530,-0.98163646
3531,0.20664062
3532,0.34547952
3533,-1.4944164
3534,-0.5612174
3535,-0.30091438
3536,-0.1781226
3537,0.0025164778
3538,-0.319104
3539,-0.01223776
3540,0.4965906
3541,1.410264
3542,0.5328242
3543,-0.010311781
3544,0.17740701
3545,-0.7226341
3546,-0.5342177
3547,-1.4304584
3548,-1.9316941
3549,-1.7504168
3550,-1.2585839
3551,0.8091878
3552,-0.31208256
3553,0.86201704
3554,-0.2741047
3555,-0.27003863
3556,1.3215703
3557,-1.4272634
3558,-1.1833013
3559,0.7792469
3560,-0.50957304
3561,0.21353702
3562,-0.80094045
3563,2.2504742
3564,-0.057662565
3565,0.061086167
3566,-0.79091024
3567,1.1365153
3568,0.3189526
3569,0.2148399
3570,-0.47044238
3571,0.012782388
3572,0.61584073
3573,0.3645799
3574,1.3155029
3575,-1.4312136
3576,1.2265068
3577,0.76393723
3578,0.15519269
3579,1.1067516
3580,-1.4298301
3581,0.15751886
3582,-0.46997258
3583,-1.1070888
3584,0.07902936
3585,-0.07981348
3586,1.666058
3587,-0.14565974
3588,1.2317933
3589,-0.45943546
3590,-0.1558947
3591,1.6435302
3592,-1.1567198
3593,-1.5065968
3594,-0.5147864
3595,0.5287146
3596,-0.49504218
3597,0.21097581
3598,-0.36233553
3599,0.26256174
3600,0.1615547
3601,0.9553138
3602,-0.19407813
3603,-1.6977468
3604,0.7821833
3605,-0.12505616
3606,-0.6813017
3607,0.59348583
3608,1.8696717
3609,-0.10789439
3610,0.76993847
3611,-1.0112058
3612,-1.0881221
3613,0.12775105
3614,0.18418154
3615,-1.3079689
3616,1.8388466
3617,0.25222892
3618,-0.58162826
3619,-1.054898
3620,-0.27489263
3621,-1.1100737
3622,-2.0765939
3623,0.35551476
3624,-0.23930624
3625,0.381715
3626,-0.957251
3627,-0.75799626
3628,-0.6060365
3629,0.17833966
3630,-0.7820875
3631,-0.36256698
3632,0.11387952
3633,2.3101714
3634,-2.086519
3635,-0.016288178
3636,-1.5231986
3637,0.16864862
3638,-0.41850072
3639,-0.48423788
3640,-0.3789934
3641,-1.3762617
3642,0.29843011
3643,0.5755368
3644,-0.4236091
3645,0.502557
3646,0.79843056
3647,-1.52668
3648,1.763392
3649,-1.1191753
3650,1.4730449
3651,0.516772
3652,-0.4961759
3653,-1.634512
3654,0.39233273
3655,0.3674856
3656,-0.5834707
3657,-0.28516516
3658,-1.3722607
3659,0.34433636
3660,1.0554532
3661,-0.42805508
3662,0.8290255
3663,-0.8920583
3664,-0.7796463
3665,-2.262379
3666,-1.2726727
3667,0.9157736
3668,-0.3125905
3669,-0.8691288
3670,0.3679682
3671,-0.03615317
3672,0.48397312
3673,-0.8770808
3674,-0.34540945
3675,-1.0841947
3676,1.2816368
3677,-0.066570446
3678,1.9166682
3679,0.5211217
3680,-0.595836
3681,-1.3824472
3682,-0.47234732
3683,-0.3025762
3684,0.8539314
3685,0.3826374
3686,0.94917446
3687,1.8856603
3688,-0.1816604
3689,0.35013664
3690,0.42721826
3691,0.82032216
3692,-0.56339294
3693,2.0116367
3694,0.91467285
3695,0.6980355
3696,0.7552178
3697,-1.3899361
3698,0.7131609
3699,0.7327034
3700,-0.27676255
3701,0.6751332
3702,-2.7062273
3703,1.4536258
3704,1.723748
3705,0.9895095
3706,0.24731745
3707,-0.12328985
3708,0.1887958
3709,-1.4298571
3710,-0.24669544
3711,-0.29222855
3712,0.8912685
3713,-0.57624257
3714,0.5049098
3715,0.5332651
3716,-0.574265
3717,-1.3828864
3718,-0.32082558
3719,0.51504785
3720,0.8814118
3721,0.20641176
3722,0.32297575
3723,0.011764519
3724,-1.7171266
3725,-0.4257786
3726,0.38687137
3727,-0.39861798
3728,1.2188393
3729,-0.67052114
3730,0.8336039
3731,-0.7545655
3732,1.5473505
3733,-0.70095026
3734,-0.24472888
3735,-0.9923804
3736,-0.52067375
3737,-0.75635445
3738,-0.19584905
3739,1.7117234
3740,0.4459812
3741,0.35109046
3742,1.2284667
3743,2.1141646
3744,-0.04871302
3745,1.9063627
3746,0.119052604
3747,0.19430523
3748,-0.48282933
3749,1.1977654
3750,1.9455044
3751,0.7781785
3752,-1.5910219
3753,0.9332747
3754,0.41135266
3755,0.06738672
3756,0.10980716
3757,-1.1544019
3758,0.09226823
3759,2.1583865
3760,-1.7656059
3761,-0.79266936
3762,-0.04683275
3763,-1.13792
3764,-0.79028904
3765,0.7974038
3766,0.5255439
3767,1.1162164
3768,-0.05256741
3769,0.83249724
3770,-0.8521143
3771,-1.0399442
3772,-0.09946626
3773,-0.5814454
3774,0.45748436
3775,0.47424114
3776,-1.6421682
3777,-2.483795
3778,-1.183251
3779,-0.93085265
3780,-0.16486865
3781,0.52455926
3782,1.8423781
3783,-1.6928829
3784,0.06844729
3785,1.0030041
3786,0.1161512
3787,-1.1377463
3788,0.032515854
3789,0.6080819
3790,-0.8000849
3791,-0.26686442
3792,-0.22455314
3793,-0.28422925
3794,-1.2442919
3795,1.077957
3796,-1.119259
3797,0.050922982
3798,0.49009535
3799,-0.6109148
3800,-0.12198955
3801,0.10013032
3802,0.027915454
3803,-0.4928257
3804,-1.8271697
3805,-0.6509342
3806,-0.6262346
3807,-0.41952816
3808,-0.9316885
3809,1.4710534
3810,0.90104353
3811,1.1202251
3812,-0.4881732
3813,0.104432054
3814,0.06884253
3815,-0.06595605
3816,0.6846427
3817,-0.6229776
3818,-2.8227155
3819,0.84449357
3820,-0.03865283
3821,1.5214957
3822,-0.91159064
3823,0.07947824
3824,-0.18016413
3825,1.145107
3826,1.9017206
3827,0.917027
3828,0.5528119
3829,0.6569057
3830,1.5262471
3831,0.46064276
3832,-0.38354257
3833,-0.025678959
3834,-0.20517915
3835,-0.3043347
3836,-1.3299466
3837,-0.20137207
3838,0.28758284
3839,1.3098297
3840,1.1992524
3841,0.02457941
3842,0.47257617
3843,0.46311903
3844,0.028028112
3845,-0.3257319
3846,-0.4371734
3847,0.058768567
3848,-0.42578304
3849,-1.2938828
3850,-1.1732552
3851,-1.0721761
3852,0.46639603
3853,0.34443352
3854,0.6738908
3855,1.636551
3856,-0.35010275
3857,-1.232597
3858,-0.8988152
3859,1.4787879
3860,1.5427297
3861,0.43095604
3862,0.649712
3863,-0.0023439843
3864,-0.076549
3865,0.4649364
3866,-0.28611773
3867,-1.0485661
3868,0.9533593
3869,-0.019777354
3870,-0.11665638
3871,1.3074183
3872,0.5207886
3873,-1.0943304
3874,0.4898269
3875,0.26967335
3876,-0.7909512
3877,-1.6456592
3878,-0.9851889
3879,1.8159862
3880,-1.3609612
3881,-0.32205033
3882,1.7349079
3883,-1.0695516
3884,-0.8955003
3885,-2.1623518
3886,-0.19204712
3887,-0.48564968
3888,0.7639924
3889,1.0367398
3890,0.90317273
3891,-0.062034413
3892,0.54611665
3893,-0.5297444
3894,-0.29704458
3895,1.410443
3896,-0.7484833
3897,0.8987013
3898,-0.4862041
3899,-0.35291085
3900,-1.079803
3901,0.77450264
3902,-0.56460863
3903,0.34207994
3904,-0.9258136
3905,-0.21222454
3906,0.42414787
3907,1.1623784
3908,0.32300097
3909,-1.305125
3910,-0.2883689
3911,0.16290048
3912,-0.83180416
3913,-2.0619438
3914,-1.7922994
3915,-0.9559564
3916,-0.2167048
3917,-1.1645762
3918,-0.847903
3919,-0.19982491
3920,-0.511146
3921,-0.4052415
3922,-1.4245706
3923,-0.26429403
3924,0.20333843
3925,0.75767416
3926,1.3200045
3927,1.1391479
3928,0.16710219
3929,0.11204817
3930,1.235083
3931,0.45651942
3932,-0.6640949
3933,-0.3399111
3934,-0.96333236
3935,-0.34380725
3936,-1.7396318
3937,1.5316601
3938,-0.19514239
3939,0.49131888
3940,0.14207163
3941,-0.11940465
3942,0.7130621
3943,0.38665688
3944,-0.33744165
3945,-0.2532502
3946,-1.3068013
3947,1.2688556
3948,0.4320078
3949,-1.7221617
3950,1.1303293
3951,-0.096833125
3952,-0.89109135
3953,0.38262635
3954,-0.08475121
3955,0.34314558
3956,0.05596109
3957,1.9985086
3958,-0.639935
3959,-0.016904723
3960,-0.066446334
3961,0.45186743
3962,1.4741766
3963,1.510718
3964,0.7405374
3965,1.3343432
3966,1.0862786
3967,-1.3176919
3968,0.16534679
3969,-0.3642166
3970,-1.135499
3971,0.5879701
3972,0.4194318
3973,0.17473829
3974,-0.55356777
3975,-1.9425873
3976,-0.71453214
3977,-0.2072085
3978,0.36319208
3979,-0.49619356
3980,-0.47465512
3981,1.1761657
3982,0.6620014
3983,0.076688
3984,-1.3310925
3985,-2.2735791
3986,-0.7628038
3987,1.2546735
3988,-0.3796965
3989,0.99693227
3990,0.1436284
3991,1.0917988
3992,0.5858485
3993,0.4919543
3994,-0.2942116
3995,-1.3703555
3996,1.6357167
3997,0.103229746
3998,-0.80467445
3999,-0.29710203
4000,0.44137532
4001,-1.4259803
4002,1.9405202
4003,0.1883913
4004,-1.4611422
4005,1.4404411
4006,-1.028268
4007,0.73752743
4008,0.022220386
4009,-1.0047045
4010,0.5547289
4011,1.4266404
4012,0.8384866
4013,0.49723536
4014,-2.2409933
4015,0.13629086
4016,1.3483741
4017,-1.5661582
4018,-1.4234309
4019,1.016077
4020,1.4640663
4021,-1.0117309
4022,0.5573266
4023,-1.000438
4024,-0.4387052
4025,0.31860304
4026,0.887666
4027,-0.2120231
4028,-0.12007456
4029,-2.0085526
4030,0.08240753
4031,0.15782326
4032,0.3647716
4033,-0.6297212
4034,-2.0668054
4035,-0.025401605
4036,-0.032625146
4037,0.61381865
4038,-0.024173189
4039,-0.02694262
4040,1.5531619
4041,1.3732535
4042,-1.3043677
4043,0.42268366
4044,0.6718882
4045,-0.4868164
4046,-0.33374986
4047,-0.9701555
4048,-0.049525965
4049,-1.7583898
4050,0.72075295
4051,-0.11512808
4052,0.8678884
4053,0.1649115
4054,-0.5076828
4055,-0.11345604
4056,-0.8332655
4057,-0.7463733
4058,0.78340006
4059,0.21292393
4060,-1.4958961
4061,0.1856011
4062,1.7570812
4063,0.79613256
4064,1.2209517
4065,2.1136708
4066,-0.10559454
4067,0.22947355
4068,0.13706443
4069,1.9682524
4070,-1.0612118
4071,1.36229
4072,-0.13653475
4073,0.92092544
4074,0.7880094
4075,-0.49587202
4076,-0.09383151
4077,-1.1043749
4078,0.10077019
4079,-1.2422501
4080,-0.34947297
4081,-0.057654575
4082,0.17072208
4083,-0.028897122
4084,1.6099831
4085,1.7685719
4086,0.6551194
4087,0.4862457
4088,1.2946974
4089,0.65432805
4090,-0.9741826
4091,0.11519787
4092,-1.3925328
4093,-0.33044264
4094,-0.35809565
4095,-0.56902456
4096,-0.2275101
4097,-0.18400706
4098,0.15450975
4099,0.32617617
4100,0.108653426
4101,1.474599
4102,0.5114496
4103,-1.0924923
4104,0.0504848
4105,0.160152
4106,-1.5793508
4107,0.14797355
4108,-0.7727714
4109,0.33495784
4110,0.6651089
4111,0.39446205
4112,-1.8337466
4113,-0.25372964
4114,-0.6474195
4115,0.37403184
4116,-0.4407552
4117,-1.4821256
4118,-1.062247
4119,-0.22423269
4120,-0.019991403
4121,0.97331524
4122,-0.29700944
4123,-0.46441886
4124,0.63018537
4125,-0.27479228
4126,0.3927889
4127,0.14106874
4128,-0.40934286
4129,0.6726746
4130,-1.740637
4131,-0.95896065
4132,0.77912515
4133,0.49087298
4134,-0.78760934
4135,-0.6458207
4136,0.0024595687
4137,0.06586147
4138,1.223087
4139,-0.17480294
4140,-0.56261694
4141,-1.2790838
4142,-1.0038769
4143,1.8123349
4144,-1.0712469
4145,1.0490538
4146,-0.9372833
4147,1.9969387
4148,0.2262458
4149,-1.1188775
4150,-0.35643157
4151,0.601056
4152,-0.29854146
4153,0.4437636
4154,-0.8454457
4155,-0.9960426
4156,-0.4894684
4157,0.37037453
4158,1.4493032
4159,0.45274013
4160,-1.1464214
4161,1.1116751
4162,-0.7939426
4163,2.1095855
4164,1.3758285
4165,0.9259608
4166,0.25980994
4167,0.6492219
4168,-0.7282813
4169,-0.3367503
4170,-0.25050148
4171,0.3830414
4172,-1.2680367
4173,-0.16624433
4174,1.5058448
4175,-0.022618085
4176,0.6820214
4177,0.6946957
4178,2.1013696
4179,0.3402822
4180,0.0950378
4181,0.020662284
4182,0.32325676
4183,-0.35703534
4184,-0.5822376
4185,0.19390795
4186,-0.0766865
4187,1.6660595
4188,1.3501127
4189,0.061810955
4190,-0.079312555
4191,0.8504025
4192,0.6079064
4193,0.35681635
4194,-1.1672451
4195,-0.36045578
4196,0.909024
4197,0.78947103
4198,-0.10240031
4199,0.86647314
4200,-0.11296999
4201,-1.2517279
4202,0.06967184
4203,-0.43578404
4204,-0.21125631
4205,-0.9961326
4206,-0.18741617
4207,0.16050287
4208,0.363496
4209,-0.07000257
4210,0.1499681
4211,-0.05607497
4212,-0.33415064
4213,-0.78089535
4214,-0.46838945
4215,0.7209762
4216,-0.38591695
4217,0.50487936
4218,2.0812094
4219,-1.2878869
4220,-1.5334215
4221,-0.14549276
4222,-1.117166
4223,-0.656573
4224,-0.8496073
4225,1.3429822
4226,0.304522
4227,-1.5498443
4228,-0.40516204
4229,-1.7884613
4230,-1.2492582
4231,-0.64221764
4232,2.9203963
4233,-1.4730262
4234,-0.7961895
4235,0.6409794
4236,0.67857426
4237,0.11529163
4238,0.7795312
4239,0.24901296
4240,-0.29081792
4241,-0.6226204
4242,-0.20087337
4243,-1.4326197
4244,-1.9232466
4245,-0.023831753
4246,-0.30108365
4247,-2.0320125
4248,0.40240663
4249,0.24514073
4250,-0.19427024
4251,0.4200961
4252,0.62610906
4253,1.429382
4254,0.5342463
4255,-0.22783309
4256,1.4331461
4257,1.8839911
4258,0.8483033
4259,0.16587079
4260,0.9824496
4261,0.11724475
4262,2.8858747
4263,-2.0384657
4264,0.27282915
4265,0.7405809
4266,-0.6956227
4267,-1.0728046
4268,0.12611325
4269,-0.20212637
4270,-1.805088
4271,0.4908843
4272,0.8375285
4273,0.24561214
4274,0.23255861
4275,1.2449458
4276,0.2899191
4277,-0.17797656
4278,-0.1479777
4279,0.76419634
4280,-0.4781538
4281,1.6581451
4282,-0.89150476
4283,0.42008847
4284,0.22690816
4285,-1.0565872
4286,-1.6787251
4287,-0.53520644
4288,0.40338397
4289,-0.8835961
4290,-0.36454108
4291,1.7670635
4292,-2.3733275
4293,0.7544107
4294,-1.4723599
4295,-1.5243485
4296,0.37617007
4297,0.8552938
4298,0.921411
4299,0.19987826
4300,-0.5131763
4301,0.9871069
4302,0.78742313
4303,-0.80266076
4304,0.16365868
4305,-1.4744664
4306,-0.04221998
4307,-0.07748532
4308,0.17002736
4309,0.04632197
4310,0.07969688
4311,0.88656837
4312,-0.23807406
4313,-0.4569531
4314,1.3888032
4315,1.7104384
4316,0.16259374
4317,-0.8562923
4318,-0.9308692
4319,-1.5781579
4320,0.8189293
4321,-1.1673676
4322,1.7084898
4323,1.3849165
4324,-0.2672821
4325,-1.6120677
4326,-1.6832156
4327,1.2309427
4328,-0.24901858
4329,0.20781294
4330,0.09946353
4331,-0.41706875
4332,-0.03885908
4333,0.7521577
4334,1.832843
4335,0.32057735
4336,1.2919514
4337,-0.37693787
4338,0.3399582
4339,0.08099002
4340,0.62580556
4341,0.120255485
4342,-0.1928666
4343,1.6706567
4344,0.27145278
4345,-1.0056891
4346,-0.09422453
4347,-0.62192905
4348,0.122041225
4349,-0.01891911
4350,-2.615999
4351,-1.6003628
4352,0.6694342
4353,0.64256346
4354,-1.0139135
4355,-1.082602
4356,1.3778989
4357,-2.7070882
4358,0.30029064
4359,-0.06737017
4360,-0.32646298
4361,-0.13041078
4362,0.9245352
4363,-1.324212
4364,-1.7275827
4365,-0.7299055
4366,-0.43358222
4367,1.0630494
4368,-0.09603101
4369,-0.35385612
4370,1.0249394
4371,-1.0868816
4372,-0.9190852
4373,1.1107305
4374,0.9985906
4375,0.73200756
4376,1.868104
4377,1.2123818
4378,1.0983758
4379,-0.115616724
4380,0.7015858
4381,-0.1764859
4382,-0.20293906
4383,-0.948073
4384,-0.06207433
4385,0.19217914
4386,-0.8643145
4387,0.52839774
4388,-1.9080896
4389,0.7337839
4390,1.5154357
4391,-0.05215158
4392,-1.3602976
4393,2.1834133
4394,-1.8395128
4395,0.27366054
4396,0.1730648
4397,0.8740895
4398,1.127317
4399,-0.17113642
4400,1.3248956
4401,0.5267219
4402,0.018730456
4403,0.2309483
4404,0.93018675
4405,0.30562043
4406,-1.4192945
4407,-2.0167975
4408,0.45564365
4409,-1.0815566
4410,0.91981703
4411,0.8879086
4412,-0.38485488
4413,-1.5085387
4414,0.61393225
4415,0.19664285
4416,-0.36416313
4417,-0.50597984
4418,-0.25575578
4419,1.0910072
4420,0.6135288
4421,0.00023259333
4422,-0.850467
4423,0.70527893
4424,-0.8576209
4425,0.6584482
4426,-0.5961664
4427,2.020654
4428,1.416445
4429,-0.96777654
4430,-1.4977036
4431,-1.0259861
4432,0.5941528
4433,0.019304626
4434,-0.9486317
4435,-0.004255123
4436,-0.41309237
4437,0.08516247
4438,0.7691153
4439,-0.97925043
4440,1.3626279
4441,-0.5467455
4442,0.33934644
4443,-0.05889773
4444,-0.2840934
4445,2.3682384
4446,-0.32373676
4447,-0.3927058
4448,-1.6925377
4449,0.35540518
4450,-1.4659058
4451,0.91480595
4452,0.7621229
4453,0.096331544
4454,0.3252538
4455,-0.74118847
4456,-0.3210818
4457,0.9355371
4458,0.7035486
4459,-1.7300683
4460,-0.19947441
4461,-0.57834107
4462,-0.47216174
4463,-2.9804077
4464,0.35250008
4465,0.436048
4466,-0.15621999
4467,0.71713704
4468,-0.34920517
4469,0.02882314
4470,0.37645262
4471,-0.5001039
4472,-1.3294829
4473,1.8864977
4474,-0.4184163
4475,-2.6577694
4476,-0.17252623
4477,-0.9432981
4478,-0.22806872
4479,-0.3253565
4480,0.15246445
4481,-0.8134039
4482,1.633894
4483,1.2654809
4484,-0.5549563
4485,-0.4829618
4486,0.22989815
4487,-0.84230167
4488,-0.7560075
4489,0.97703344
4490,-1.523291
4491,-0.25416642
4492,0.2149677
4493,-0.5392562
4494,0.9574472
4495,1.1332595
4496,-0.06990091
4497,-0.22366905
4498,-0.34680235
4499,-0.7646034
4500,0.7165943
4501,0.09712334
4502,-0.7638611
4503,-0.19921695
4504,0.24944235
4505,-0.024437776
4506,0.69207954
4507,-0.183356
4508,-0.35558733
4509,-0.21945421
4510,-1.0884154
4511,-0.2519059
4512,-0.6486732
4513,0.376206
4514,-0.47914937
4515,-0.34222534
4516,-0.033545397
4517,2.338507
4518,-0.9460841
4519,-0.54132754
4520,-0.8851445
4521,1.0570245
4522,0.76768625
4523,0.28270766
4524,-0.92053443
4525,0.54717946
4526,1.8469673
4527,0.36555412
4528,0.39349046
4529,1.6007814
4530,-0.10510096
4531,0.26819268
4532,-0.47024417
4533,-0.014580775
4534,-0.8276016
4535,-0.27087379
4536,-1.2756824
4537,1.2069063
4538,-0.13980903
4539,-0.11307781
4540,0.23129065
4541,-0.46303943
4542,0.12665744
4543,0.097931
4544,-1.5105679
4545,-0.6726852
4546,0.4715806
4547,0.14712575
4548,-1.2597357
4549,0.73633224
4550,-2.697129
4551,-0.18282719
4552,-0.30870345
4553,0.025350792
4554,0.92309564
4555,1.3892345
4556,0.46647495
4557,0.33350837
4558,-1.1156765
4559,-0.013245658
4560,-0.27904615
4561,-1.0204904
4562,-0.3067701
4563,-1.2537638
4564,-1.3858303
4565,-0.9769095
4566,0.2948603
4567,-0.686508
4568,-0.9063896
4569,-0.34165254
4570,0.0947369
4571,-0.8212855
4572,-0.467031
4573,-0.9775617
4574,0.10830105
4575,-0.6487934
4576,0.9040686
4577,-1.492911
4578,0.5660543
4579,1.1866511
4580,1.1219455
4581,-2.050257
4582,-0.24824367
4583,-1.1260637
4584,-1.7893125
4585,-0.34470767
4586,-0.41839635
4587,0.03281954
4588,-1.1157316
4589,-1.6257036
4590,1.5187737
4591,1.0986385
4592,-0.16000271
4593,0.5403896
4594,1.3943025
4595,0.8158423
4596,-1.8175747
4597,-2.3614302
4598,-1.0989069
4599,-0.12345823
4600,1.1741762
4601,-0.29363242
4602,-0.4669624
4603,-0.28254053
4604,1.7352332
4605,-2.1964903
4606,-1.1212578
4607,1.0123584
4608,-0.282247
4609,-0.8917906
4610,0.032254796
4611,0.17805749
4612,-0.98865384
4613,-0.03881347
4614,-0.88439703
4615,-1.4815334
4616,0.59764564
4617,-0.50226444
4618,1.7129383
4619,-0.73348206
4620,-0.37787977
4621,-0.51750135
4622,0.99513066
4623,0.58757627
4624,-0.2811743
4625,0.5976633
4626,0.9341041
4627,-0.68455833
4628,1.819168
4629,-0.9674547
4630,-0.20792407
4631,0.36669278
4632,-1.5110519
4633,-0.88289934
4634,0.16645674
4635,0.34741876
4636,-1.6043231
4637,0.8605977
4638,-0.23270777
4639,1.5444801
4640,-0.38518694
4641,0.042862125
4642,1.1309706
4643,-1.3166988
4644,0.6561016
4645,-1.6213005
4646,-1.1248485
4647,0.028714925
4648,-1.6040195
4649,-0.26967844
4650,-0.22653858
4651,0.6916337
4652,1.8889422
4653,0.41624254
4654,-0.4791745
4655,0.49342945
4656,0.09394688
4657,-1.7249296
4658,-0.72682667
4659,-0.136831
4660,0.2936259
4661,0.17580023
4662,0.97786385
4663,1.385865
4664,-1.1096733
4665,0.35247004
4666,-0.068182014
4667,-1.0955366
4668,-1.3329815
4669,1.7059699
4670,0.22417636
4671,0.5008561
4672,-1.2896898
4673,1.0144699
4674,-0.32981858
4675,1.2625619
4676,-1.7142768
4677,0.70592844
4678,0.6067344
4679,-1.0624294
4680,-0.29394278
4681,-1.3793827
4682,0.555695
4683,-0.25054014
4684,-0.039585143
4685,-0.35340783
4686,0.76022434
4687,-0.43703333
4688,-1.8077856
4689,0.42897123
4690,-2.5292566
4691,1.9760762
4692,1.6299322
4693,-1.9545736
4694,1.1202986
4695,0.7407288
4696,-0.044560775
4697,0.30643114
4698,0.94090676
4699,-1.1300331
4700,-0.53425294
4701,0.16000034
4702,-0.27833173
4703,-0.95667803
4704,0.19079933
4705,-0.58369404
4706,-1.1209197
4707,0.28135908
4708,-2.1867008
4709,-2.1354074
4710,-2.0541327
4711,-1.0271448
4712,-1.0867331
4713,0.031481374
4714,-0.06965207
4715,1.4289304
4716,-0.13754441
4717,1.2606466
4718,-0.14017113
4719,-1.4587709
4720,0.40895927
4721,-1.4037879
4722,0.15532456
4723,-1.5028627
4724,0.11178912
4725,0.17991546
4726,-1.0400722
4727,-0.55561215
4728,-0.8704524
4729,0.90192837
4730,-1.0504088
4731,-0.6952676
4732,0.57610077
4733,-2.167788
4734,0.3018014
4735,1.0869241
4736,-0.8315541
4737,-0.57809114
4738,-0.800261
4739,-0.6855813
4740,1.7314451
4741,0.09651941
4742,1.0332074
4743,-1.0157341
4744,0.9651067
4745,-0.705726
4746,1.6157554
4747,-0.12169399
4748,1.0669988
4749,0.09862791
4750,1.3704559
4751,-0.5029358
4752,0.51172674
4753,0.0802048
4754,0.06859148
4755,-0.7999315
4756,-0.8338954
4757,0.127526
4758,0.51664644
4759,1.2439737
4760,-0.7678417
4761,-0.76722264
4762,-0.2508616
4763,1.8421429
4764,0.57586706
4765,0.584815
4766,-0.2009584
4767,-0.8092135
4768,0.006044588
4769,0.6039182
4770,-0.983501
4771,0.5602909
4772,-0.7401144
4773,1.9326617
4774,-1.1561298
4775,1.1728052
4776,-0.8714865
4777,1.2093228
4778,-0.22213988
4779,-1.7111306
4780,0.2218663
4781,0.60280883
4782,2.4919927
4783,-0.13001369
4784,-0.62306017
4785,2.2035723
4786,-0.75667816
4787,0.19010797
4788,1.8076534
4789,-0.82402307
4790,-0.5924768
4791,0.99176216
4792,0.6420836
4793,-0.4845851
4794,1.0790201
4795,-1.4923413
4796,0.26270983
4797,0.0023032592
4798,-1.801971
4799,-0.82923913
4800,0.22235605
4801,-1.2625691
4802,-0.49166998
4803,-1.3272538
4804,0.039489914
4805,-0.23146287
4806,0.5365863
4807,0.9191421
4808,0.90245426
4809,1.2300146
4810,-1.5497347
4811,-1.3022138
4812,-0.4360483
4813,1.0015655
4814,0.30863878
4815,-0.7744077
4816,-1.9713205
4817,0.2983227
4818,0.20658636
4819,-0.89333785
4820,0.96569866
4821,0.8225444
4822,0.9583153
4823,-0.8684316
4824,1.5101761
4825,-0.4150722
4826,-0.7343798
4827,0.97226655
4828,-1.5474263
4829,1.0287844
4830,-0.008702882
4831,-2.4233289
4832,-0.41403687
4833,-0.6522405
4834,0.13760872
4835,-0.979042
4836,-1.1138
4837,-1.3009402
4838,1.985272
4839,-1.3047525
4840,-0.58199006
4841,1.0496702
4842,0.030435639
4843,0.96995246
4844,-2.0704913
4845,0.100138456
4846,0.028217662
4847,2.5455465
4848,0.1755429
4849,0.15346228
4850,1.46473
4851,-0.6802481
4852,-0.39108017
4853,-0.9171409
4854,0.1382935
4855,0.36007062
4856,-0.45799577
4857,-0.06781994
4858,1.2585639
4859,-0.29104608
4860,1.30893
4861,-1.0216826
4862,0.2544539
4863,-1.0567282
4864,-0.3167607
4865,0.61510813
4866,-0.6447932
4867,-0.73767304
4868,0.64898914
4869,-2.1817217
4870,-0.0052815103
4871,1.0147982
4872,0.17004566
4873,-1.073327
4874,0.28196552
4875,0.67794824
4876,0.65359825
4877,-1.0326105
4878,-0.18060936
4879,-1.3115202
4880,1.301512
4881,-0.77734536
4882,-0.7791315
4883,-0.23967399
4884,-0.70700127
4885,0.05343728
4886,0.6028562
4887,-0.5750296
4888,1.0354327
4889,-1.3908887
4890,1.6050543
4891,1.4746442
4892,1.3609605
4893,-0.6509103
4894,-2.4014044
4895,-0.7820372
4896,0.37495163
4897,-0.87409896
4898,0.2510257
4899,-1.1630281
4900,-1.2362679
4901,0.63287616
4902,0.26112515
4903,0.50682396
4904,1.1621124
4905,0.4333235
4906,0.3558669
4907,0.27737054
4908,0.22794609
4909,1.1322908
4910,-0.91504914
4911,0.64464843
4912,-0.5072766
4913,-1.9439604
4914,-0.9701902
4915,-1.5217263
4916,-0.18015298
4917,-0.69191664
4918,-1.051298
4919,0.72216725
4920,-1.4877695
4921,-1.3491383
4922,0.37677032
4923,-0.32645714
4924,-0.076105535
4925,-1.0790247
4926,-1.40356
4927,-0.6791441
4928,-1.4647689
4929,0.0993857
4930,-1.3854543
4931,-0.7441529
4932,-1.4373324
4933,0.084142014
4934,-1.601009
4935,-2.3332326
4936,0.52339536
4937,-0.7474513
4938,0.039806556
4939,0.108477905
4940,-1.0257267
4941,-0.33319557
4942,-0.6999224
4943,-0.39892498
4944,0.6674433
4945,-0.19243322
4946,-1.9652861
4947,-1.32565
4948,-0.5938533
4949,0.69962615
4950,-1.7959015
4951,-2.1225502
4952,-0.75654405
4953,-0.56455714
4954,0.29627493
4955,0.6826088
4956,1.745949
4957,-0.500975
4958,0.29065374
4959,1.0752727
4960,0.48651025
4961,-0.23869812
4962,-0.3685728
4963,-0.69803566
4964,-0.65565425
4965,-0.3728622
4966,-0.21193899
4967,0.545415
4968,-0.7057777
4969,0.05945017
4970,0.3128121
4971,1.9752954
4972,0.31309265
4973,-2.4668367
4974,2.4360049
4975,-0.33260056
4976,-1.0410058
4977,-1.0069103
4978,-0.45052147
4979,0.8190465
4980,-0.8609492
4981,-0.9375999
4982,-1.0880717
4983,0.1332235
4984,0.47955468
4985,0.42732483
4986,0.12661782
4987,-0.61028016
4988,-0.25353256
4989,0.2171219
4990,-1.8622133
4991,2.5923774
4992,-0.48014563
4993,1.4908698
4994,1.5915513
4995,-0.772566
4996,1.6090082
4997,0.39924678
4998,1.0724249
4999,-0.5314891
5000,-0.659465
5001,-0.24660951
5002,0.43296522
5003,-0.67442954
5004,0.3525659
5005,0.5330873
5006,0.27738395
5007,-0.24678472
5008,0.19498758
5009,-0.12389686
5010,-0.7740435
5011,0.94456106
5012,1.3127348
5013,-0.0691669
5014,-0.66493464
5015,0.41382027
5016,0.115409166
5017,0.65493786
5018,-1.9698275
5019,0.38313752
5020,0.41328162
5021,-1.2706879
5022,0.19865748
5023,-0.38086814
5024,0.574798
5025,1.9361458
5026,-1.7456588
5027,-1.2837387
5028,-0.7346052
5029,0.4222731
5030,1.2819421
5031,1.5694318
5032,-0.7981205
5033,1.9743413
5034,-0.86350894
5035,-0.65391105
5036,0.4171642
5037,0.025863709
5038,1.5567058
5039,-1.9294164
5040,-0.6908797
5041,-0.2865494
5042,-0.38119873
5043,-0.4121765
5044,0.9528268
5045,-1.2089779
5046,-1.1261108
5047,-1.6639401
5048,0.9992768
5049,-0.21118614
5050,-0.29756632
5051,-1.9455485
5052,-0.021508003
5053,-1.2429708
5054,1.6834666
5055,-2.489976
5056,2.098781
5057,1.171675
5058,-0.48810118
5059,1.0035089
5060,0.45355967
5061,0.7425599
5062,-0.7051688
5063,-1.0031796
5064,2.3377202
5065,0.38123313
5066,0.8053791
5067,-1.8557746
5068,0.45232782
5069,0.15385202
5070,-0.9934042
5071,-1.625274
5072,-0.56676555
5073,1.1871481
5074,-0.6100412
5075,1.2197303
5076,0.8241123
5077,-1.563282
5078,-0.70628947
5079,1.7409158
5080,0.24042578
5081,1.6074821
5082,-1.364639
5083,2.0804627
5084,1.7109993
5085,1.0775896
5086,0.3911531
5087,-1.2569079
5088,-0.108888365
5089,-1.525497
5090,-0.08180834
5091,0.9883548
5092,1.0099552
5093,0.05061326
5094,-0.6326273
5095,0.9275753
5096,-1.383066
5097,1.2900295
5098,-0.23846377
5099,-0.29070246
5100,0.115670696
5101,0.5400677
5102,-0.26866785
5103,-0.038083546
5104,0.77277595
5105,-0.23151956
5106,-0.122111365
5107,-0.4402056
5108,-1.3721529
5109,-0.6528074
5110,0.579764
5111,-0.5855443
5112,-0.21772535
5113,0.6560552
5114,-0.38899693
5115,-1.1385729
5116,0.29959765
5117,0.0059344023
5118,-1.277663
5119,0.522235
5120,0.2705392
5121,0.86736166
5122,-0.6121514
5123,-1.7691249
5124,1.4632279
5125,-0.10507113
5126,-0.08376002
5127,-0.13056868
5128,-1.3967748
5129,0.9347148
5130,-0.715598
5131,-0.759309
5132,1.0910683
5133,0.7500795
5134,-0.23890555
5135,0.5146097
5136,-0.11333514
5137,-1.2510276
5138,0.73654777
5139,2.8028538
5140,0.008504427
5141,-0.059597425
5142,0.9748397
5143,1.3006114
5144,0.42963338
5145,1.7638649
5146,0.8740696
5147,0.22935984
5148,-1.4609141
5149,0.017455855
5150,0.9335987
5151,-0.90124226
5152,-0.6188367
5153,0.2927936
5154,-1.2116287
5155,0.5449077
5156,-0.6997143
5157,-2.2599335
5158,2.132466
5159,-0.6655686
5160,0.75549406
5161,3.2423584
5162,-0.2226363
5163,0.7401221
5164,0.22915578
5165,0.6232121
5166,-1.4547397
5167,1.2960074
5168,0.56392014
5169,2.0360432
5170,-1.245043
5171,-0.37875623
5172,-0.274284
5173,2.8262572
5174,1.6438613
5175,-0.8349935
5176,0.79265
5177,-0.106618844
5178,0.82845086
5179,2.2143898
5180,0.768708
5181,1.0280088
5182,-0.07601714
5183,-0.17679024
5184,-0.2877109
5185,0.8137555
5186,0.57470465
5187,-1.7485125
5188,0.038814157
5189,-0.89927185
5190,-0.014875939
5191,1.3021157
5192,1.5278811
5193,-1.042593
5194,-2.0327458
5195,1.4678491
5196,-0.67467844
5197,-0.56250685
5198,-1.5080795
5199,0.58834875
5200,1.0743202
5201,-1.0237397
5202,0.53751004
5203,-1.7155657
5204,0.28323388
5205,1.2126158
5206,-0.712081
5207,-0.92871606
5208,-0.103940256
5209,-0.042295363
5210,0.68233126
5211,-1.2886283
5212,-0.08142321
5213,1.5920802
5214,-0.9553509
5215,1.7536365
5216,-0.44846183
5217,-1.7436783
5218,-0.4873617
5219,-0.80613476
5220,1.0638292
5221,0.112667724
5222,0.17521477
5223,1.1842334
5224,-0.3993369
5225,0.26603588
5226,0.7777604
5227,0.00925061
5228,0.20792258
5229,-1.82486
5230,-1.7717048
5231,-2.3708167
5232,0.103098065
5233,0.4506158
5234,0.7323311
5235,0.026753778
5236,0.036632624
5237,-1.2956355
5238,1.7267683
5239,1.1996357
5240,1.2222626
5241,0.313181
5242,0.19912273
5243,-1.0125209
5244,0.27471176
5245,-2.9382346
5246,0.74764174
5247,0.4650731
5248,-1.1397997
5249,1.1935683
5250,0.65732926
5251,-0.3444785
5252,0.15431872
5253,0.2478238
5254,-0.3372962
5255,-0.21942648
5256,1.6696203
5257,-0.16902442
5258,0.5070707
5259,0.7937923
5260,0.45069554
5261,-1.4158953
5262,1.1588901
5263,0.016819125
5264,-0.56331533
5265,1.5532558
5266,-0.99308187
5267,1.1159161
5268,-0.5360564
5269,-2.133259
5270,0.41085377
5271,1.6284282
5272,-0.06579624
5273,1.280953
5274,-0.6121974
5275,-0.61077905
5276,-0.28059995
5277,1.0172671
5278,-0.58305943
5279,-0.5196058
5280,-0.516469
5281,0.32453325
5282,-0.7337326
5283,-0.5740516
5284,-0.7381264
5285,-1.4291574
5286,-0.45515203
5287,0.36826926
5288,-0.1305649
5289,-0.60536027
5290,0.28160596
5291,-0.017996378
5292,-1.1887758
5293,1.059522
5294,0.396006
5295,-1.4179096
5296,-0.28014418
5297,-0.010141542
5298,-1.0459739
5299,-0.23234953
5300,-1.4157276
5301,2.2341652
5302,-0.6974075
5303,1.4206202
5304,0.11918558
5305,0.12717609
5306,-0.23187956
5307,-0.2803604
5308,-0.057773728
5309,0.42502144
5310,-0.13949004
5311,1.4392912
5312,0.3839618
5313,1.5120226
5314,-1.6004496
5315,0.18700068
5316,2.4011133
5317,-0.95625865
5318,0.20080633
5319,-0.75853866
5320,0.26290834
5321,-1.0157449
5322,1.4391892
5323,0.43049553
5324,-0.09223433
5325,-0.7106915
5326,0.41590184
5327,0.49972188
5328,0.5907514
5329,0.5189329
5330,0.64050204
5331,-0.019572152
5332,-0.6295227
5333,0.21463953
5334,0.90933454
5335,1.1502235
5336,-0.95367086
5337,0.8337506
5338,-0.11977858
5339,-1.2831033
5340,1.2170339
5341,0.40119037
5342,0.643837
5343,0.040279794
5344,-0.073013194
5345,0.8379957
5346,0.012500227
5347,-1.559531
5348,-1.0652522
5349,-2.647432
5350,0.1820778
5351,0.30634862
5352,0.583717
5353,-0.7905802
5354,-0.35604858
5355,-0.34091938
5356,0.7014323
5357,0.7267107
5358,2.0098352
5359,0.0693061
5360,0.40535924
5361,-1.9672405
5362,-1.7271541
5363,-0.060558964
5364,1.2242743
5365,-0.051885117
5366,1.0287875
5367,-0.78512186
5368,-1.1292303
5369,-1.4941254
5370,-0.14170176
5371,0.41643086
5372,-0.33213848
5373,-0.6190219
5374,0.14782594
5375,1.3869324
5376,0.8754184
5377,1.0235916
5378,2.427463
5379,1.3275523
5380,0.7822852
5381,0.53671056
5382,-1.6536356
5383,1.5429522
5384,-1.0554402
5385,1.5830914
5386,0.08098828
5387,0.96761924
5388,-0.72053695
5389,-1.3114725
5390,-0.24083982
5391,0.98538595
5392,0.0353648
5393,0.27996942
5394,0.80638826
5395,1.76106
5396,-0.13596195
5397,-0.3889455
5398,0.90563405
5399,-0.7041371
5400,-1.0956398
5401,-0.34577525
5402,-0.84149504
5403,0.1702607
5404,0.40562305
5405,-0.5693575
5406,-0.12128785
5407,-2.3911903
5408,-0.5442834
5409,0.17150094
5410,0.8600112
5411,0.87394977
5412,0.55169123
5413,-0.0020648937
5414,-0.21772444
5415,-0.71415937
5416,-0.18508838
5417,0.5053321
5418,-1.3809853
5419,-1.9526854
5420,0.23560399
5421,-0.3785613
5422,-0.37199512
5423,2.4903758
5424,-0.10193758
5425,1.3665454
5426,0.43551207
5427,1.888535
5428,1.1395586
5429,-0.292962
5430,1.3271167
5431,1.7450427
5432,0.025333961
5433,0.269891
5434,-0.045735404
5435,-0.45930052
5436,1.6061498
5437,0.45773125
5438,-1.1730466
5439,0.78844255
5440,0.8589679
5441,-1.2777485
5442,-0.22716312
5443,-0.58421546
5444,-0.07540282
5445,-0.49526724
5446,-0.44029593
5447,-0.34207037
5448,-0.88360375
5449,0.6880834
5450,0.48771617
5451,0.2914841
5452,-0.098531574
5453,-1.8524184
5454,-1.2434857
5455,0.3703078
5456,-2.7479625
5457,-0.012960184
5458,-0.34370723
5459,0.108741276
5460,-0.77480745
5461,0.43230027
5462,0.20452477
5463,-1.297103
5464,-1.412985
5465,-0.15245597
5466,-0.2621205
5467,-0.07748622
5468,-0.82203335
5469,-0.48200136
5470,1.881849
5471,0.19610976
5472,0.05576827
5473,2.3940797
5474,0.11179854
5475,2.7243733
5476,0.36586046
5477,0.33118755
5478,0.20443498
5479,0.12880115
5480,-1.322077
5481,-0.19346471
5482,0.32239434
5483,1.6521093
5484,1.2336632
5485,1.2217689
5486,-0.043978285
5487,1.8734326
5488,-0.008709432
5489,0.9071059
5490,-0.50621885
5491,1.9769443
5492,0.61937094
5493,1.465158
5494,-0.3401423
5495,2.2435431
5496,-0.22633429
5497,-0.7204969
5498,-1.4445903
5499,1.9434289
5500,-0.65703106
5501,-1.3891788
5502,1.1428293
5503,-1.5827929
5504,-0.5397866
5505,-1.2656151
5506,-0.35192314
5507,-0.21367238
5508,0.6533947
5509,1.4774196
5510,-1.5749252
5511,0.33334243
5512,0.047695633
5513,0.33266902
5514,0.29353955
5515,1.296973
5516,0.30223542
5517,-0.036104217
5518,-2.3452327
5519,-0.06514091
5520,-1.4784245
5521,-0.6850274
5522,1.432817
5523,-0.25596824
5524,-0.49753928
5525,1.7656807
5526,-1.7607411
5527,-1.1089256
5528,-0.6557086
5529,0.26918325
5530,0.47150224
5531,-0.82343054
5532,-0.0572544
5533,1.0363653
5534,0.8227497
5535,-0.35226774
5536,-1.2794615
5537,-1.3672941
5538,-0.08650021
5539,0.4576294
5540,0.90533364
5541,-0.085373975
5542,0.63715136
5543,-0.9949915
5544,0.8871962
5545,-0.11214609
5546,-0.03935867
5547,-1.5626881
5548,-0.33261868
5549,-0.15348823
5550,1.3901132
5551,-0.20077509
5552,-0.6037788
5553,-0.1271304
5554,1.364328
5555,0.6661056
5556,-0.65871
5557,-0.76504284
5558,0.7427105
5559,-0.010888604
5560,-2.078322
5561,0.13122703
5562,1.115183
5563,-1.1759924
5564,0.0007065048
5565,0.5466142
5566,0.90969723
5567,0.6276517
5568,-0.20196423
5569,0.006150586
5570,0.16126765
5571,0.9832424
5572,-0.16811775
5573,0.1355242
5574,-1.3071156
5575,-0.16835834
5576,-0.038742505
5577,0.61746323
5578,0.10682455
5579,-1.2916511
5580,-0.18598416
5581,-1.2801727
5582,1.8471278
5583,0.22685465
5584,-1.209837
5585,0.35542345
5586,-0.16245337
5587,-0.5283403
5588,0.7367963
5589,-0.87578124
5590,0.46965623
5591,-2.0886931
5592,0.6513432
5593,0.613638
5594,0.19689494
5595,-0.51944983
5596,-0.29961008
5597,-3.1953404
5598,0.82551306
5599,1.4711227
5600,-0.6387415
5601,-0.57292855
5602,-0.059136
5603,1.0153004
5604,1.5321817
5605,-0.7251613
5606,0.9194625
5607,0.036952436
5608,-1.0395021
5609,-0.76034164
5610,-0.4983832
5611,1.9673945
5612,1.1075245
5613,0.25991037
5614,2.6068616
5615,0.5825076
5616,-0.05598192
5617,0.07842594
5618,-1.232892
5619,0.31256166
5620,-0.25954068
5621,-1.0041107
5622,0.14344501
5623,2.1206043
5624,0.07695515
5625,-1.04418
5626,-0.24944179
5627,0.36246526
5628,-0.30250716
5629,-0.8356159
5630,-0.54901963
5631,-0.15684618
5632,0.6548289
5633,-1.8642461
5634,-0.58530176
5635,0.63807064
5636,0.70713216
5637,-1.625942
5638,1.4628874
5639,-1.5071614
5640,1.128112
5641,0.06930431
5642,0.95802695
5643,-1.1730367
5644,-0.20685041
5645,-0.37402984
5646,0.70694673
5647,0.0040154494
5648,1.3005902
5649,1.0790278
5650,1.4413892
5651,-0.5359383
5652,0.0062559783
5653,-0.36720935
5654,-0.1269055
5655,-1.3621459
5656,1.0525779
5657,-0.06227796
5658,-0.1944794
5659,1.0400363
5660,1.2662625
5661,-2.1025164
5662,-0.42137972
5663,-0.62446886
5664,-0.70141757
5665,0.6558448
5666,-0.30950364
5667,-0.37681112
5668,0.3328072
5669,-0.06784553
5670,-0.31973815
5671,-1.0733153
5672,-1.231452
5673,-0.960278
5674,0.43156043
5675,0.49204382
5676,0.017147854
5677,1.2204994
5678,0.455904
5679,-0.24481104
5680,-0.022444868
5681,-0.25657788
5682,-1.1396786
5683,1.0898465
5684,0.033505492
5685,0.6861828
5686,0.16845058
5687,0.45396063
5688,0.15873307
5689,0.2443993
5690,-0.882705
5691,-1.0341157
5692,0.310348
5693,0.32445258
5694,0.7131295
5695,1.2796801
5696,-0.026286634
5697,-1.1927301
5698,-0.28216276
5699,-0.71315855
5700,1.0178828
5701,-1.6479324
5702,0.102151476
5703,-0.41891703
5704,1.6932054
5705,-0.2817836
5706,-2.2405584
5707,0.28337762
5708,0.24669813
5709,0.6031854
5710,1.6559726
5711,-0.6420284
5712,0.16552351
5713,0.18118581
5714,1.3495028
5715,-0.28386304
5716,-0.35965955
5717,-1.4226359
5718,0.7577798
5719,0.77458113
5720,-0.59837013
5721,-0.14709519
5722,-0.4864579
5723,0.0010722064
5724,-0.05238605
5725,-1.3448521
5726,-0.10062247
5727,-0.6024595
5728,-1.7415067
5729,-0.38536888
5730,0.35121375
5731,0.0695134
5732,0.053738162
5733,1.2449379
5734,0.1768256
5735,-0.2596293
5736,-2.072972
5737,1.0140619
5738,0.9342995
5739,-0.040814225
5740,-0.5566262
5741,0.72252977
5742,0.008703746
5743,-0.38213658
5744,-0.62664616
5745,-0.9281842
5746,-0.010079358
5747,-1.1265991
5748,-0.047174554
5749,-2.273375
5750,-1.4194173
5751,-0.34976798
5752,0.36989933
5753,-1.4288827
5754,0.11278388
5755,-2.5531898
5756,2.282423
5757,-0.7465842
5758,-0.84800684
5759,-0.40756756
5760,-0.70853925
