,alpha,beta,loss
0,0,0,0.0023101554134860635
1,0,1,0.0022800828272011133
2,0,2,0.0022505263620987534
3,0,3,0.002221637628064491
4,0,4,0.0021934710082132367
5,0,5,0.0021660623803501948
6,0,6,0.0021396100151352586
7,0,7,0.0021141112918499857
8,0,8,0.0020895329624181615
9,0,9,0.0020660081657581032
10,0,10,0.002043655943404883
11,0,11,0.0020228195693576707
12,0,12,0.002003496143326629
13,0,13,0.0019858316808124073
14,0,14,0.0019700586816412398
15,0,15,0.001956122618773952
16,0,16,0.0019442388695664703
17,0,17,0.0019344496016507036
18,0,18,0.0019274487996706739
19,0,19,0.001923346913489513
20,0,20,0.0019224595259758645
21,0,21,0.0019250314514269121
22,0,22,0.0019313223544158973
23,0,23,0.0019414754590252414
24,0,24,0.0019559264052542856
25,0,25,0.0019753885093377905
26,0,26,0.0020004740616772322
27,0,27,0.0020317813383997417
28,0,28,0.0020704133677994833
29,0,29,0.002117517701839097
30,0,30,0.002174190534534864
31,0,31,0.0022413584829773753
32,0,32,0.0023204444116679953
33,0,33,0.002413674154598266
34,0,34,0.002523942329734564
35,0,35,0.002654730227217078
36,0,36,0.0028100393990054726
37,0,37,0.0029944757307879626
38,0,38,0.003213936090935022
39,0,39,0.0034767298270016907
40,0,40,0.0037943202804774047
41,0,41,0.00417926519587636
42,0,42,0.004646940189599991
43,0,43,0.005213430297374725
44,0,44,0.005896343148499727
45,0,45,0.006710078005492687
46,0,46,0.00766043663918972
47,0,47,0.00874188532680273
48,0,48,0.009944996792078019
49,0,49,0.01126044216454029
50,1,0,0.0023071898537687955
51,1,1,0.002276130978902802
52,1,2,0.002245592762087472
53,1,3,0.002215648426138796
54,1,4,0.0021863755469210444
55,1,5,0.002157917691208422
56,1,6,0.0021303294403944165
57,1,7,0.002103737220459152
58,1,8,0.0020781356700346806
59,1,9,0.0020535157148959117
60,1,10,0.0020300869579426943
61,1,11,0.0020078717947704717
62,1,12,0.0019871063377009703
63,1,13,0.0019681920876842922
64,1,14,0.0019510815603425726
65,1,15,0.0019359477953403256
66,1,16,0.0019228438093792648
67,1,17,0.0019118669551680795
68,1,18,0.0019033852799446322
69,1,19,0.0018980250975931994
70,1,20,0.0018957322917878628
71,1,21,0.0018969692619750277
72,1,22,0.0019019259385298938
73,1,23,0.0019108639028039762
74,1,24,0.0019239601766574195
75,1,25,0.0019420373995206318
76,1,26,0.001965772670332808
77,1,27,0.001995909170631785
78,1,28,0.0020333705614553766
79,1,29,0.002079357157670893
80,1,30,0.0021349997130222617
81,1,31,0.002201530507928692
82,1,32,0.002280182178737596
83,1,33,0.0023732064548414203
84,1,34,0.0024837436696048825
85,1,35,0.0026154985113069416
86,1,36,0.002772486757300794
87,1,37,0.0029598354862071575
88,1,38,0.0031837154569104315
89,1,39,0.0034532724421471356
90,1,40,0.0037807726215571165
91,1,41,0.00417991223745048
92,1,42,0.004667118744924664
93,1,43,0.00526019596979022
94,1,44,0.0059778779856860635
95,1,45,0.006834250488877296
96,1,46,0.007832335411012173
97,1,47,0.008964620545506478
98,1,48,0.010221188747882843
99,1,49,0.011591924905776978
100,2,0,0.0023048684486653656
101,2,1,0.002272828905307688
102,2,2,0.002241287196543999
103,2,3,0.002210328160575591
104,2,4,0.0021800317817134785
105,2,5,0.002150439749634825
106,2,6,0.0021217239146586507
107,2,7,0.002093979874823708
108,2,8,0.0020672759581007996
109,2,9,0.0020415547882206737
110,2,10,0.0020169781279983
111,2,11,0.0019936515827546825
112,2,12,0.0019715819527977145
113,2,13,0.0019511213955353014
114,2,14,0.0019327411439036951
115,2,15,0.001916252450074535
116,2,16,0.0019019004418398253
117,2,17,0.0018897206097492018
118,2,18,0.001879901195014827
119,2,19,0.0018731010763556697
120,2,20,0.0018694995742174797
121,2,21,0.0018692861442337744
122,2,22,0.001872893008752726
123,2,23,0.0018805195598630235
124,2,24,0.0018923637478030287
125,2,25,0.001908998365025036
126,2,26,0.0019314040365279652
127,2,27,0.0019603251129039563
128,2,28,0.0019966806508717127
129,2,29,0.002041511758172419
130,2,30,0.002096270463196561
131,2,31,0.0021620900271693243
132,2,32,0.00224039751351811
133,2,33,0.0023333118112524973
134,2,34,0.0024442146746441722
135,2,35,0.002577052327664569
136,2,36,0.002735932674445212
137,2,37,0.0029264168311841786
138,2,38,0.0031552043890580536
139,2,39,0.003432366414926946
140,2,40,0.00377076283544302
141,2,41,0.0041855608705431225
142,2,42,0.004694251247867941
143,2,43,0.00531679664850235
144,2,44,0.006072897140681744
145,2,45,0.00697550435513258
146,2,46,0.008024379958212376
147,2,47,0.009210807134211064
148,2,48,0.010524006381630898
149,2,49,0.011954436638951302
150,3,0,0.002303399229818024
151,3,1,0.00227028138441965
152,3,2,0.0022376907542347906
153,3,3,0.0022056968859862536
154,3,4,0.002174360313010402
155,3,5,0.0021437371717533097
156,3,6,0.0021138825537636878
157,3,7,0.0020849474634975196
158,3,8,0.002057052999245934
159,3,9,0.0020302535023191013
160,3,10,0.0020045055271009915
161,3,11,0.0019800225109909662
162,3,12,0.0019568063895450904
163,3,13,0.00193502184584504
164,3,14,0.0019149395565735176
165,3,15,0.0018972041474306024
166,3,16,0.0018815582468756475
167,3,17,0.0018680482149124144
168,3,18,0.0018569414526224137
169,3,19,0.0018486468465882353
170,3,20,0.0018437215861398727
171,3,21,0.0018421307285199874
172,3,22,0.0018442259303177706
173,3,23,0.0018505576530704275
174,3,24,0.001861103176814504
175,3,25,0.0018764779363526032
176,3,26,0.001897462896851357
177,3,27,0.0019252230360056273
178,3,28,0.0019603711624862625
179,3,29,0.0020041333566303363
180,3,30,0.0020579957406618634
181,3,31,0.0021231625641463326
182,3,32,0.002201117681269534
183,3,33,0.0022940032663289456
184,3,34,0.002405376945063472
185,3,35,0.0025394853125326336
186,3,36,0.00270049739908427
187,3,37,0.0028944576621055605
188,3,38,0.0031289076431654395
189,3,39,0.0034144749922677873
190,3,40,0.0037649150524288414
191,3,41,0.004196922533586622
192,3,42,0.004729754829406739
193,3,43,0.005385016236454249
194,3,44,0.0061831929802894595
195,3,45,0.007135979695618152
196,3,46,0.008238688907027244
197,3,47,0.009482584819197655
198,3,48,0.010855986618995667
199,3,49,0.012353771352767945
200,4,0,0.0023029516054317357
201,4,1,0.002268629487301223
202,4,2,0.002234943439415656
203,4,3,0.0022018565743695943
204,4,4,0.002169433567347005
205,4,5,0.002137715966999531
206,4,6,0.002106789408880286
207,4,7,0.0020767223693896083
208,4,8,0.0020475704989628865
209,4,9,0.002019579116499517
210,4,10,0.001992685062997043
211,4,11,0.001966991767066065
212,4,12,0.0019426478803623469
213,4,13,0.001919693399197422
214,4,14,0.0018983563323738053
215,4,15,0.001878879087138921
216,4,16,0.0018618680439889432
217,4,17,0.0018470224273158238
218,4,18,0.001834538586146664
219,4,19,0.0018248301281244494
220,4,20,0.0018183617183356545
221,4,21,0.0018153930152766406
222,4,22,0.001816102569445502
223,4,23,0.0018210363950696773
224,4,24,0.001830320410989225
225,4,25,0.0018443662938312628
226,4,26,0.0018640431915409863
227,4,27,0.0018904902797192335
228,4,28,0.0019245505798142404
229,4,29,0.0019673391910735518
230,4,30,0.0020202503988868557
231,4,31,0.002084826908400282
232,4,32,0.0021623836184618997
233,4,33,0.0022553762761177497
234,4,34,0.002367497388785705
235,4,35,0.0025029374114703385
236,4,36,0.0026664437847211957
237,4,37,0.0028643192404881118
238,4,38,0.0031050000260584056
239,4,39,0.00339982903432101
240,4,40,0.00376363357976079
241,4,41,0.004214712410420179
242,4,42,0.004774649207293987
243,4,43,0.0054663746811449525
244,4,44,0.006311159961670637
245,4,45,0.007317477270960808
246,4,46,0.008477770985662937
247,4,47,0.00978327096402645
248,4,48,0.01122128457725048
249,4,49,0.012792940181493758
250,5,0,0.002303406626568176
251,5,1,0.002267994887940586
252,5,2,0.0022330872019985693
253,5,3,0.0021989015162689612
254,5,4,0.002165326052485034
255,5,5,0.002132471820130013
256,5,6,0.002100384361005854
257,5,7,0.002069166759192012
258,5,8,0.00203886504820548
259,5,9,0.0020096207644673997
260,5,10,0.0019815890235011465
261,5,11,0.001954681100405287
262,5,12,0.0019291309978230857
263,5,13,0.0019049501846078783
264,5,14,0.0018824457403155974
265,5,15,0.0018616742362151854
266,5,16,0.0018429156546597369
267,5,17,0.0018266319896327332
268,5,18,0.0018127901801257395
269,5,19,0.0018016463162493892
270,5,20,0.001793634766805917
271,5,21,0.0017892535220540595
272,5,22,0.0017885784634680021
273,5,23,0.0017920393304142635
274,5,24,0.0018000581620261074
275,5,25,0.0018128616349771618
276,5,26,0.0018311967352288776
277,5,27,0.0018562553256866521
278,5,28,0.0018892260080087
279,5,29,0.0019311031462275422
280,5,30,0.0019831457393942402
281,5,31,0.002047106119710952
282,5,32,0.0021243967870017513
283,5,33,0.0022177080016117542
284,5,34,0.0023307216585846616
285,5,35,0.002467595710605383
286,5,36,0.0026338881922885774
287,5,37,0.002836151836300269
288,5,38,0.0030837760956957936
289,5,39,0.0033888753842562435
290,5,40,0.0037676251573488116
291,5,41,0.004240311934426427
292,5,42,0.004830495427548885
293,5,43,0.005562905639410019
294,5,44,0.006458627534657717
295,5,45,0.007522098629176617
296,5,46,0.008744836829602719
297,5,47,0.010116015696525574
298,5,48,0.011623805338144302
299,5,49,0.013275434750318527
300,6,0,0.002304850854841061
301,6,1,0.00226832150737755
302,6,2,0.0022322596509708093
303,6,3,0.0021968349495902657
304,6,4,0.0021621751796454193
305,6,5,0.002128105146065354
306,6,6,0.0020948092743521556
307,6,7,0.0020623966027400456
308,6,8,0.0020309275042731316
309,6,9,0.0020004205593373626
310,6,10,0.0019711336591863074
311,6,11,0.0019430940273217857
312,6,12,0.0019163696385570803
313,6,13,0.0018909842979279348
314,6,14,0.0018671222310280428
315,6,15,0.0018451278115506284
316,6,16,0.0018250112343463115
317,6,17,0.0018071207487839274
318,6,18,0.001791711530269822
319,6,19,0.0017791583622514737
320,6,20,0.001769725337345153
321,6,21,0.00176373264202266
322,6,22,0.0017617144840536639
323,6,23,0.001763780464080628
324,6,24,0.0017704123202944174
325,6,25,0.0017818932665861211
326,6,26,0.001799009136634413
327,6,27,0.0018227590525522828
328,6,28,0.0018544676286051981
329,6,29,0.001895394874108024
330,6,30,0.0019467053901986219
331,6,31,0.002010082893248182
332,6,32,0.0020874048937577754
333,6,33,0.002181167408381589
334,6,34,0.0022950736483791844
335,6,35,0.0024337887881090863
336,6,36,0.0026031494449824093
337,6,37,0.002810199847817421
338,6,38,0.0030656918805092572
339,6,39,0.003382417267560959
340,6,40,0.0037778985630720855
341,6,41,0.004274959148094058
342,6,42,0.004899207459390163
343,6,43,0.005677000383287668
344,6,44,0.006627933774143458
345,6,45,0.007753098779916763
346,6,46,0.009042839597165585
347,6,47,0.010484958505630493
348,6,48,0.012068766182661056
349,6,49,0.013808342254161835
350,7,0,0.002307295764773153
351,7,1,0.0022695777592482047
352,7,2,0.0022324180277762933
353,7,3,0.002195840820623562
354,7,4,0.002159903867333196
355,7,5,0.00212471589804627
356,7,6,0.0020901677387650127
357,7,7,0.0020564998263376765
358,7,8,0.0020238167937728577
359,7,9,0.001992101053451188
360,7,10,0.0019614842710550875
361,7,11,0.0019322007414884865
362,7,12,0.0019042695195181296
363,7,13,0.0018777120224782267
364,7,14,0.0018526055617490783
365,7,15,0.0018292787462938576
366,7,16,0.0018078173153102397
367,7,17,0.0017885949451883789
368,7,18,0.0017716271596495063
369,7,19,0.0017573636586428619
370,7,20,0.0017465197285695467
371,7,21,0.00173904302327428
372,7,22,0.00173547486513271
373,7,23,0.001736173621728085
374,7,24,0.0017414332236279733
375,7,25,0.0017516925416537561
376,7,26,0.001767453545227181
377,7,27,0.0017899061214877293
378,7,28,0.0018204017412965187
379,7,29,0.0018603156548226251
380,7,30,0.001910975185688585
381,7,31,0.0019738673369865864
382,7,32,0.0020512447355431505
383,7,33,0.0021455187480663883
384,7,34,0.0022608603408792987
385,7,35,0.0024017973621375858
386,7,36,0.0025745363374240697
387,7,37,0.0027872825565747918
388,7,38,0.003051540487445891
389,7,39,0.003381166755221784
390,7,40,0.0037955407613888383
391,7,41,0.004320008287578821
392,7,42,0.004982524877041579
393,7,43,0.005810949663072824
394,7,44,0.0068221336901187896
395,7,45,0.008014430560171605
396,7,46,0.00937562878727913
397,7,47,0.010894629925489426
398,7,48,0.01256045904159546
399,7,49,0.014403019374608993
400,8,0,0.0023108664684696125
401,8,1,0.0022718970195623116
402,8,2,0.002233534629060887
403,8,3,0.002195819528051652
404,8,4,0.002158667498989962
405,8,5,0.00212224467236083
406,8,6,0.0020865311486530118
407,8,7,0.0020515796382562256
408,8,8,0.002017617915943265
409,8,9,0.001984669379692059
410,8,10,0.001952791794994846
411,8,11,0.0019221547110937537
412,8,12,0.0018928812748636118
413,8,13,0.0018651838632533326
414,8,14,0.0018388423207914457
415,8,15,0.0018141810966364573
416,8,16,0.0017914758493658156
417,8,17,0.001770789227465866
418,8,18,0.0017525255828921217
419,8,19,0.0017368028795404825
420,8,20,0.001723975155147491
421,8,21,0.0017150779126677662
422,8,22,0.0017100043144251686
423,8,23,0.001709208216163097
424,8,24,0.001713138213439379
425,8,25,0.0017220751215761994
426,8,26,0.001736668411019491
427,8,27,0.001757910236128373
428,8,28,0.0017872127322363666
429,8,29,0.0018259815684868953
430,8,30,0.0018760739614255726
431,8,31,0.0019386467829695902
432,8,32,0.002016020612290595
433,8,33,0.002111119082709774
434,8,34,0.0022278954714769496
435,8,35,0.0023714834028389304
436,8,36,0.002548451881995425
437,8,37,0.0027677388944197445
438,8,38,0.003041788625065237
439,8,39,0.0033860076241195203
440,8,40,0.0038215190874412654
441,8,41,0.004377149207144976
442,8,42,0.0050826347023248675
443,8,43,0.0059675287708640095
444,8,44,0.007044833658635616
445,8,45,0.008309395726025105
446,8,46,0.00974804983139038
447,8,47,0.011350218218564988
448,8,48,0.013108088394999504
449,8,49,0.015069913417100907
450,9,0,0.002315526037616655
451,9,1,0.0022753035039408133
452,9,2,0.0022356429994106293
453,9,3,0.0021966818667016924
454,9,4,0.0021583820316707714
455,9,5,0.0021207026709569618
456,9,6,0.0020837906826403924
457,9,7,0.0020476271953550167
458,9,8,0.002012380767229479
459,9,9,0.0019781009064055977
460,9,10,0.0019449311266420408
461,9,11,0.0019130242999875918
462,9,12,0.001882386594975833
463,9,13,0.001853343059902545
464,9,14,0.001825827178673353
465,9,15,0.0017999317853769753
466,9,16,0.0017758393370953854
467,9,17,0.0017538284856069366
468,9,18,0.001734240896452684
469,9,19,0.0017171906110248528
470,9,20,0.0017029126832494512
471,9,21,0.0016918929636245594
472,9,22,0.0016853061814676039
473,9,23,0.0016831365044985432
474,9,24,0.0016856111404486
475,9,25,0.0016931912469503004
476,9,26,0.0017065652872493957
477,9,27,0.0017267600528721233
478,9,28,0.0017549133390071803
479,9,29,0.0017926911901449784
480,9,30,0.0018421132284682244
481,9,31,0.0019044329271651805
482,9,32,0.001981982856313698
483,9,33,0.0020780558564234526
484,9,34,0.0021965180388186126
485,9,35,0.0023431200174614786
486,9,36,0.002525135772395879
487,9,37,0.002751935246307403
488,9,38,0.0030369326289743184
489,9,39,0.0033973460422828793
490,9,40,0.0038575542360544204
491,9,41,0.004447886457294226
492,9,42,0.0052027153559029106
493,9,43,0.006149966270476579
494,9,44,0.007299667856097221
495,9,45,0.008642954428493976
496,9,46,0.010165491020679474
497,9,47,0.011859006282687188
498,9,48,0.013725606626272202
499,9,49,0.015822638148069383
500,10,0,0.0023214774993713947
501,10,1,0.002280010791821405
502,10,2,0.0022390109077561646
503,10,3,0.0021986192295560614
504,10,4,0.0021589687957894056
505,10,5,0.0021200885275611653
506,10,6,0.002081905403686687
507,10,7,0.002044537025538739
508,10,8,0.0020080110264825636
509,10,9,0.0019724686167784966
510,10,10,0.0019379857514519245
511,10,11,0.0019047287972643971
512,10,12,0.0018728052754886449
513,10,13,0.0018424128755112179
514,10,14,0.0018136205673508813
515,10,15,0.001786471594363684
516,10,16,0.001761072843777947
517,10,17,0.0017377785780001431
518,10,18,0.001716822247277014
519,10,19,0.0016984367569326422
520,10,20,0.0016828192675951868
521,10,21,0.0016704128182376734
522,10,22,0.001661772684805328
523,10,23,0.0016579109090263955
524,10,24,0.00165893972456106
525,10,25,0.0016651625994418282
526,10,26,0.0016773969695321285
527,10,27,0.0016964990947861225
528,10,28,0.0017237149487249553
529,10,29,0.001760580007865792
530,10,30,0.0018092947275028565
531,10,31,0.0018714795566047542
532,10,32,0.001949474761111196
533,10,33,0.002046620440133847
534,10,34,0.0021672196540632287
535,10,35,0.0023172706833807753
536,10,36,0.0025050171235576272
537,10,37,0.0027402086653746664
538,10,38,0.003037651028484106
539,10,39,0.0034165229255333543
540,10,40,0.0039046639669686554
541,10,41,0.004535072451457381
542,10,42,0.005345506365597248
543,10,43,0.00636259209215641
544,10,44,0.007591051277518273
545,10,45,0.009020293673872947
546,10,46,0.010634439107775688
547,10,47,0.012431960850954056
548,10,48,0.014423486298322678
549,10,49,0.016683587634563447
550,11,0,0.0023286951204761863
551,11,1,0.0022859535719966517
552,11,2,0.0022436957067111505
553,11,3,0.0022019746718462555
554,11,4,0.002160869164019823
555,11,5,0.0021205854603787884
556,11,6,0.002081132990005426
557,11,7,0.00204245478825178
558,11,8,0.002004595847276505
559,11,9,0.001967786235024687
560,11,10,0.0019320441682473756
561,11,11,0.0018973997605149634
562,11,12,0.001864190682361368
563,11,13,0.0018324844356102403
564,11,14,0.0018023447121027858
565,11,15,0.0017739082665299065
566,11,16,0.0017472463881771545
567,11,17,0.001722604066011263
568,11,18,0.001700318885728484
569,11,19,0.0016805825789866504
570,11,20,0.0016636338310141582
571,11,21,0.0016498817835585214
572,11,22,0.0016398850127588957
573,11,23,0.001634004121873295
574,11,24,0.001633391465700697
575,11,25,0.001638134316826472
576,11,26,0.0016491813837201334
577,11,27,0.001667268236615928
578,11,28,0.0016936014295963104
579,11,29,0.0017297956565278582
580,11,30,0.0017777698187914212
581,11,31,0.0018398158464580775
582,11,32,0.0019186139446217567
583,11,33,0.0020171975405071864
584,11,34,0.0021401113100815564
585,11,35,0.002294366773008369
586,11,36,0.0024882546071428807
587,11,37,0.0027329100606031716
588,11,38,0.0030446091472171245
589,11,39,0.003444756618887186
590,11,40,0.003964707449823618
591,11,41,0.004641442053765058
592,11,42,0.005515200523287058
593,11,43,0.006609619560092687
594,11,44,0.00792440896332264
595,11,45,0.009447067922353744
596,11,46,0.011163646602630615
597,11,47,0.013082675164937973
598,11,48,0.01522408664226532
599,11,49,0.01767089279294014
600,12,0,0.0023374537218827755
601,12,1,0.0022933163726702333
602,12,2,0.002249680974823423
603,12,3,0.0022066172698047013
604,12,4,0.002164186673029326
605,12,5,0.0021224741539917886
606,12,6,0.0020815912154968827
607,12,7,0.00204154790751636
608,12,8,0.0020024313116329723
609,12,9,0.001964226555568166
610,12,10,0.0019271799140842631
611,12,11,0.0018912941314280032
612,12,12,0.0018566433591535314
613,12,13,0.0018234959227207582
614,12,14,0.0017920290595735424
615,12,15,0.0017622621154005174
616,12,16,0.0017343855110986625
617,12,17,0.0017085054877155927
618,12,18,0.0016849065285001416
619,12,19,0.0016638119271374307
620,12,20,0.0016455501415999607
621,12,21,0.001630473831325071
622,12,22,0.0016189492435543797
623,12,23,0.001611730856448412
624,12,24,0.0016093458550225479
625,12,25,0.0016124610653845592
626,12,26,0.0016221918894385454
627,12,27,0.001639344094466651
628,12,28,0.0016647901574440766
629,12,29,0.0017002474414301106
630,12,30,0.001747770222829422
631,12,31,0.0018098595630784986
632,12,32,0.001889330755150877
633,12,33,0.001989751083787996
634,12,34,0.0021156791175948454
635,12,35,0.002274543253448792
636,12,36,0.002475436405977234
637,12,37,0.002730526901502162
638,12,38,0.003058479815069586
639,12,39,0.003483459250442684
640,12,40,0.004039942270889879
641,12,41,0.004770491288229823
642,12,42,0.005715687066316605
643,12,43,0.006895062530040741
644,12,44,0.008305172063410282
645,12,45,0.00993001843392849
646,12,46,0.011766544398665427
647,12,47,0.013827146789431572
648,12,48,0.016149187850952148
649,12,49,0.018811637973785402
650,13,0,0.0023480555743444712
651,13,1,0.0023024730610661207
652,13,2,0.0022573432544013487
653,13,3,0.0022128414136124773
654,13,4,0.0021689872921211643
655,13,5,0.00212580057377927
656,13,6,0.00208343155158218
657,13,7,0.0020420130048063585
658,13,8,0.0020015060439473016
659,13,9,0.001961899926548358
660,13,10,0.001923490786680486
661,13,11,0.001886226186552085
662,13,12,0.0018502497504814528
663,13,13,0.0018157454433152453
664,13,14,0.0017828630184463692
665,13,15,0.001751768095541047
666,13,16,0.0017226398082799278
667,13,17,0.0016954047090548556
668,13,18,0.0016704649725055789
669,13,19,0.0016482214972027578
670,13,20,0.0016286619846185204
671,13,21,0.001612128208176
672,13,22,0.00159926958612632
673,13,23,0.0015905980155745056
674,13,24,0.0015869771994301118
675,13,25,0.0015886483645474072
676,13,26,0.0015967222590523307
677,13,27,0.0016127544894727179
678,13,28,0.0016374797011434567
679,13,29,0.0016722661503066774
680,13,30,0.0017196236346964724
681,13,31,0.0017819904632458928
682,13,32,0.0018621315185329878
683,13,33,0.0019644759262620938
684,13,34,0.002094121557753533
685,13,35,0.002258367741527036
686,13,36,0.0024670512814540415
687,13,37,0.002734040405135602
688,13,38,0.0030809002673253417
689,13,39,0.0035343280704692006
690,13,40,0.004133514488488436
691,13,41,0.0049257160983979704
692,13,42,0.005951812279969454
693,13,43,0.007226101118326187
694,13,44,0.008741474545001984
695,13,45,0.010483016258478165
696,13,46,0.012457155877351762
697,13,47,0.014686297792196273
698,13,48,0.017223109883069992
699,13,49,0.020137466233968736
700,14,0,0.0023604737544665115
701,14,1,0.0023134983797790483
702,14,2,0.002266942948382348
703,14,3,0.002220926837460138
704,14,4,0.0021755278360564264
705,14,5,0.0021308459639316425
706,14,6,0.0020869286962319164
707,14,7,0.0020439123508986085
708,14,8,0.0020019769880687817
709,14,9,0.001961053654772695
710,14,10,0.001921116798010189
711,14,11,0.0018824303968576713
712,14,12,0.0018450643871095963
713,14,13,0.0018091576849052218
714,14,14,0.0017749764842155855
715,14,15,0.001742512451572111
716,14,16,0.0017120461618935223
717,14,17,0.0016835876340512187
718,14,18,0.0016573745384288487
719,14,19,0.0016337498762353788
720,14,20,0.0016128868374798912
721,14,21,0.0015951489745173603
722,14,22,0.0015808840344310737
723,14,23,0.001570780326295062
724,14,24,0.001565798831608845
725,14,25,0.0015663833684113342
726,14,26,0.0015732710144628073
727,14,27,0.001587691903396626
728,14,28,0.0016116381394735073
729,14,29,0.001646072715939954
730,14,30,0.0016932931475748775
731,14,31,0.0017561281740141566
732,14,32,0.001837662629270926
733,14,33,0.0019422791656921617
734,14,34,0.0020761301002232358
735,14,35,0.002246520124084782
736,14,36,0.0024641985150286928
737,14,37,0.0027450836691074072
738,14,38,0.0031134685608558356
739,14,39,0.0035996875528246162
740,14,40,0.004248629101738333
741,14,41,0.0051121889807283875
742,14,42,0.006229474714398384
743,14,43,0.00761047103703022
744,14,44,0.009243714313209056
745,14,45,0.011119099226593971
746,14,46,0.013256401640176774
747,14,47,0.015688042443990708
748,14,48,0.0184743505358696
749,14,49,0.021665779811143874
750,15,0,0.002374681393103674
751,15,1,0.00232625214708969
752,15,2,0.002278342364425771
753,15,3,0.002230878128996119
754,15,4,0.002183922671759501
755,15,5,0.00213769837107975
756,15,6,0.0020922593128867447
757,15,7,0.0020476498455391265
758,15,8,0.0020040539810317567
759,15,9,0.001961610562435817
760,15,10,0.001920264992886223
761,15,11,0.001880086696089711
762,15,12,0.0018412255286006257
763,15,13,0.0018039504884334746
764,15,14,0.001768384719506139
765,15,15,0.0017347282931325025
766,15,16,0.0017028297080425546
767,15,17,0.0016730491644120775
768,15,18,0.0016456638737116008
769,15,19,0.0016207495207199826
770,15,20,0.001598631504853256
771,15,21,0.001579626324767014
772,15,22,0.001564048039150657
773,15,23,0.0015527295824576868
774,15,24,0.0015462098162941401
775,15,25,0.0015454009296867299
776,15,26,0.001551231088282657
777,15,27,0.0015646935405908152
778,15,28,0.0015874869458057219
779,15,29,0.0016216972663562047
780,15,30,0.0016690735678595956
781,15,31,0.0017326554059400223
782,15,32,0.001815858870255761
783,15,33,0.0019236771606374531
784,15,34,0.0020621182928502093
785,15,35,0.002239224395900965
786,15,36,0.002467737632524222
787,15,37,0.0027649096915498377
788,15,38,0.0031579378629103304
789,15,39,0.0036823482977226376
790,15,40,0.004389667489752174
791,15,41,0.005336054418236017
792,15,42,0.006556799387186766
793,15,43,0.008057659527659416
794,15,44,0.009824119326472282
795,15,45,0.011856413707137107
796,15,46,0.014191934761404991
797,15,47,0.01686527938246727
798,15,48,0.01993888401389122
799,15,49,0.023432643127441408
800,16,0,0.0023908824070822446
801,16,1,0.002340995842940174
802,16,2,0.0022915364138083533
803,16,3,0.002242619632999413
804,16,4,0.00219419044717215
805,16,5,0.0021464011617004872
806,16,6,0.0020994451106525957
807,16,7,0.0020532706862548366
808,16,8,0.002008014020405244
809,16,9,0.001963926489185542
810,16,10,0.0019210457652807235
811,16,11,0.0018793304493417964
812,16,12,0.0018389828019659035
813,16,13,0.001800292139069643
814,16,14,0.0017632653399021366
815,16,15,0.0017281057170243001
816,16,16,0.0016950464764726348
817,16,17,0.0016640013293537778
818,16,18,0.0016353172405681106
819,16,19,0.0016092308146704454
820,16,20,0.0015858318471146048
821,16,21,0.0015655968970240792
822,16,22,0.0015488005265273386
823,16,23,0.0015362172028602799
824,16,24,0.001528517597791506
825,16,25,0.0015265061542537295
826,16,26,0.001531116899169865
827,16,27,0.0015437784859212115
828,16,28,0.0015660871441737982
829,16,29,0.0015995040719746611
830,16,30,0.0016473487252922495
831,16,31,0.001712013898222358
832,16,32,0.0017975340369535842
833,16,33,0.0019089211429527495
834,16,34,0.002052505100646522
835,16,35,0.00223780105211772
836,16,36,0.002478759192302823
837,16,37,0.002794717548787594
838,16,38,0.0032167344705201686
839,16,39,0.0037861176762729884
840,16,40,0.0045621900491416454
841,16,41,0.0056036349922418596
842,16,42,0.006943007597327232
843,16,43,0.008578819316625595
844,16,44,0.010498905688524246
845,16,45,0.012722720021009446
846,16,46,0.01530084028840065
847,16,47,0.018248369520902634
848,16,48,0.021654862755537033
849,16,49,0.02545729670524597
850,17,0,0.0024090967606985943
851,17,1,0.0023577674203552304
852,17,2,0.0023068816823419184
853,17,3,0.0022564144975040106
854,17,4,0.0022064927025930957
855,17,5,0.0021571544498670847
856,17,6,0.0021085427986690776
857,17,7,0.002060723438905552
858,17,8,0.002013880104525015
859,17,9,0.0019681614400818945
860,17,10,0.0019236342027783393
861,17,11,0.0018803818830754608
862,17,12,0.001838559223152697
863,17,13,0.0017983537267369683
864,17,14,0.0017599305558833294
865,17,15,0.0017232981084729544
866,17,16,0.0016887106125650462
867,17,17,0.0016564877703611274
868,17,18,0.001626589510886697
869,17,19,0.0015993386859161547
870,17,20,0.0015747399068233789
871,17,21,0.0015532524706271943
872,17,22,0.0015352428846876138
873,17,23,0.0015214958110358566
874,17,24,0.0015127004110458075
875,17,25,0.0015096228026173777
876,17,26,0.001513402748128283
877,17,27,0.0015253661969909444
878,17,28,0.0015473110539314804
879,17,29,0.0015807246081298218
880,17,30,0.0016287222639861283
881,17,31,0.0016948400358349318
882,17,32,0.001782787229461246
883,17,33,0.001898462992470013
884,17,34,0.002048012572620064
885,17,35,0.0022429450074443595
886,17,36,0.002498029477568343
887,17,37,0.002836125244013965
888,17,38,0.003292526597622782
889,17,39,0.003915175538696349
890,17,40,0.004772436444088817
891,17,41,0.005924448846280575
892,17,42,0.007398419728875161
893,17,43,0.009188566732406617
894,17,44,0.01129715476334095
895,17,45,0.013760114216804504
896,17,46,0.016618141078948975
897,17,47,0.01988038814663887
898,17,48,0.023663646471500398
899,17,49,0.027726721119880678
900,18,0,0.0024295326261781157
901,18,1,0.0023766527071828023
902,18,2,0.0023242502980399876
903,18,3,0.00227236535968259
904,18,4,0.002220983669697307
905,18,5,0.002170116940466687
906,18,6,0.002119864197424613
907,18,7,0.002070482938038185
908,18,8,0.0020219797508209012
909,18,9,0.0019744962094235233
910,18,10,0.0019281935574254022
911,18,11,0.0018832607673248277
912,18,12,0.0018398908698698505
913,18,13,0.0017982239380304236
914,18,14,0.001758317730354611
915,18,15,0.0017202409759047442
916,18,16,0.0016843835266830865
917,18,17,0.001650793054548558
918,18,18,0.0016196160891326144
919,18,19,0.0015912265955936164
920,18,20,0.0015655072124529396
921,18,21,0.001542846355724032
922,18,22,0.0015236488725960953
923,18,23,0.0015087779945111832
924,18,24,0.0014988824127503903
925,18,25,0.0014949452661123359
926,18,26,0.0014980008808823187
927,18,27,0.0015094409253535558
928,18,28,0.0015312887276668335
929,18,29,0.0015650253724699725
930,18,30,0.0016141840910640895
931,18,31,0.0016815892861195608
932,18,32,0.0017726717871410073
933,18,33,0.001892569780611666
934,18,34,0.002049673944863025
935,18,35,0.0022556854925467633
936,18,36,0.0025274177074898034
937,18,37,0.0028918914991430938
938,18,38,0.0033886572453193367
939,18,39,0.004076065631769598
940,18,40,0.005028837060183287
941,18,41,0.006310283437371254
942,18,42,0.00794100670516491
943,18,43,0.0099159881234169
944,18,44,0.012254896378517151
945,18,45,0.014996744686365127
946,18,46,0.0181831803381443
947,18,47,0.02182194066643715
948,18,48,0.025976952183246613
949,18,49,0.030138793742656707
950,19,0,0.0024524714588187637
951,19,1,0.0023980010286904874
952,19,2,0.002344001865712926
953,19,3,0.0022905088041443376
954,19,4,0.0022375526579329745
955,19,5,0.0021851915654493496
956,19,6,0.0021334501169854776
957,19,7,0.002082483157282695
958,19,8,0.00203243477398064
959,19,9,0.001983226862666197
960,19,10,0.001935167896549683
961,19,11,0.0018885393824544735
962,19,12,0.0018435729341697879
963,19,13,0.0018002694745897316
964,19,14,0.0017587151123210788
965,19,15,0.0017191178876906634
966,19,16,0.0016818742719478905
967,19,17,0.0016469861875404604
968,19,18,0.0016144954444433097
969,19,19,0.0015849128998583182
970,19,20,0.0015582977736688917
971,19,21,0.0015347564611816779
972,19,22,0.0015144764177966862
973,19,23,0.0014985500760318245
974,19,24,0.0014877113703987562
975,19,25,0.0014829526730449289
976,19,26,0.0014854208409044076
977,19,27,0.001496519642844214
978,19,28,0.0015184612819444737
979,19,29,0.0015528162711707409
980,19,30,0.0016034339943071245
981,19,31,0.0016733143744786503
982,19,32,0.0017676084013830405
983,19,33,0.0018928454667067854
984,19,34,0.002058810069417814
985,19,35,0.002277311745635234
986,19,36,0.002568896892108023
987,19,37,0.0029647602676413955
988,19,38,0.0035108470524661244
989,19,39,0.004275905887782574
990,19,40,0.005344775149971247
991,19,41,0.006779593354463577
992,19,42,0.008591598595678806
993,19,43,0.010790932470560073
994,19,44,0.01340338225364685
995,19,45,0.016477613896131515
996,19,46,0.02005413073897362
997,19,47,0.024116334640979765
998,19,48,0.028521164643764495
999,19,49,0.032523776924610136
1000,20,0,0.0024782566198613496
1001,20,1,0.002422119533829391
1002,20,2,0.0023664235037285835
1003,20,3,0.0023112642543623224
1004,20,4,0.002256666870578192
1005,20,5,0.0022026849179295825
1006,20,6,0.0021494136973749848
1007,20,7,0.0020969287744257597
1008,20,8,0.002045292917767074
1009,20,9,0.001994556260225363
1010,20,10,0.0019447592663229443
1011,20,11,0.0018965062383329496
1012,20,12,0.0018498142592143268
1013,20,13,0.0018048034677805845
1014,20,14,0.0017615597653551959
1015,20,15,0.0017204068356251809
1016,20,16,0.0016815679011051544
1017,20,17,0.0016452144718379713
1018,20,18,0.0016115322772879154
1019,20,19,0.0015807411736081121
1020,20,20,0.0015529539708571975
1021,20,21,0.0015285289436549646
1022,20,22,0.0015075803730433108
1023,20,23,0.0014910480345686665
1024,20,24,0.0014795783012916217
1025,20,25,0.0014741910124765128
1026,20,26,0.001476099931979843
1027,20,27,0.0014869950443142444
1028,20,28,0.0015092037698050263
1029,20,29,0.0015448779203215963
1030,20,30,0.001597164719896682
1031,20,31,0.0016698694037506356
1032,20,32,0.0017688676616526209
1033,20,33,0.0019008222885546274
1034,20,34,0.0020762485799263233
1035,20,35,0.0023096117759821935
1036,20,36,0.002625300526758656
1037,20,37,0.003059599667042494
1038,20,38,0.003666924903728068
1039,20,39,0.004526822622865439
1040,20,40,0.005733208952844143
1041,20,41,0.007346444673836231
1042,20,42,0.009378332798182964
1043,20,43,0.011848168191313744
1044,20,44,0.01478991779088974
1045,20,45,0.01828086642622948
1046,20,46,0.02230738447904587
1047,20,47,0.026745969498157503
1048,20,48,0.031126773488521577
1049,20,49,0.034633285498619076
1050,21,0,0.002506994827184826
1051,21,1,0.0024492561365710573
1052,21,2,0.002391871257312596
1053,21,3,0.0023348824321292342
1054,21,4,0.002278538719471544
1055,21,5,0.0022229432560736313
1056,21,6,0.0021680420811055227
1057,21,7,0.0021139720149571076
1058,21,8,0.002060752650978975
1059,21,9,0.0020085709059261716
1060,21,10,0.001957343863043934
1061,21,11,0.0019072421388002113
1062,21,12,0.0018588323522941209
1063,21,13,0.0018120927903451957
1064,21,14,0.0017672794952406548
1065,21,15,0.0017245617044623941
1066,21,16,0.0016841261230176314
1067,21,17,0.001646169002429815
1068,21,18,0.001610913674312178
1069,21,19,0.0015788832025806186
1070,21,20,0.0015500585539673921
1071,21,21,0.0015246496269246564
1072,21,22,0.0015033263600809732
1073,21,23,0.0014862156446877634
1074,21,24,0.0014741107736743289
1075,21,25,0.0014681759671366307
1076,21,26,0.0014697958261196617
1077,21,27,0.0014807969611341832
1078,21,28,0.00150401435365784
1079,21,29,0.0015415720054152188
1080,21,30,0.0015964477077228367
1081,21,31,0.0016725500474945876
1082,21,32,0.0017766810564862681
1083,21,33,0.0019163333651784342
1084,21,34,0.0021033083791844546
1085,21,35,0.0023565216606366447
1086,21,36,0.00270260037726257
1087,21,37,0.0031828625523485244
1088,21,38,0.0038636422380805015
1089,21,39,0.004839352505281567
1090,21,40,0.0062107591778039935
1091,21,41,0.008038861268758773
1092,21,42,0.01034097654223442
1093,21,43,0.013137803587317467
1094,21,44,0.01649471692442894
1095,21,45,0.02047776098251343
1096,21,46,0.024965020334720613
1097,21,47,0.0295600861787796
1098,21,48,0.03355959548950195
1099,21,49,0.03630048701763153
1100,22,0,0.002538916430110112
1101,22,1,0.002479508467298001
1102,22,2,0.0024204695324413477
1103,22,3,0.002361821839027107
1104,22,4,0.0023037424544105306
1105,22,5,0.002246332318056375
1106,22,6,0.0021897109237732364
1107,22,7,0.002133997097541578
1108,22,8,0.0020792558050365187
1109,22,9,0.002025428900262341
1110,22,10,0.001972796651837416
1111,22,11,0.0019212176288245246
1112,22,12,0.0018709279724280349
1113,22,13,0.0018223787580733187
1114,22,14,0.0017758375437173528
1115,22,15,0.0017314353225112427
1116,22,16,0.0016894451901549473
1117,22,17,0.0016500932027411182
1118,22,18,0.0016135523370408918
1119,22,19,0.001580158697074512
1120,22,20,0.001550096656556707
1121,22,21,0.0015238563021353912
1122,22,22,0.001501929583857418
1123,22,23,0.001484509777648782
1124,22,24,0.0014721489924399067
1125,22,25,0.001465850687515922
1126,22,26,0.0014676133265005774
1127,22,27,0.001479627925348177
1128,22,28,0.0015042348833929282
1129,22,29,0.0015440204306054512
1130,22,30,0.0016019726235768758
1131,22,31,0.001682330720142636
1132,22,32,0.00179208925034618
1133,22,33,0.0019413391300651711
1134,22,34,0.0021439172403886915
1135,22,35,0.0024211697282269596
1136,22,36,0.0028032345061190424
1137,22,37,0.003339853590540588
1138,22,38,0.004112137123383581
1139,22,39,0.005232522393390536
1140,22,40,0.006805845354497433
1141,22,41,0.008897332686185836
1142,22,42,0.011526377096772194
1143,22,43,0.014735679310560227
1144,22,44,0.01862615515589714
1145,22,45,0.023130947983264923
1146,22,46,0.027920974576473235
1147,22,47,0.0323010504245758
1148,22,48,0.035551193237304685
1149,22,49,0.03740652358531952
1150,23,0,0.0025746667256578803
1151,23,1,0.0025134058699943125
1152,23,2,0.0024526173557620494
1153,23,3,0.0023922846881207077
1154,23,4,0.002332465933961794
1155,23,5,0.0022733170069288463
1156,23,6,0.0022149058850016445
1157,23,7,0.002157379963924177
1158,23,8,0.0021008358659921214
1159,23,9,0.0020453785169869663
1160,23,10,0.0019910388858639634
1161,23,11,0.0019379143836093136
1162,23,12,0.0018860903311753645
1163,23,13,0.0018359028633334674
1164,23,14,0.0017875506954616867
1165,23,15,0.001741518350271508
1166,23,16,0.0016980858501570765
1167,23,17,0.0016573738197621425
1168,23,18,0.001619538490282139
1169,23,19,0.0015850392064632615
1170,23,20,0.0015539777799596778
1171,23,21,0.0015268831956957
1172,23,22,0.0015044011417514411
1173,23,23,0.0014867224630710552
1174,23,24,0.001474346286970831
1175,23,25,0.0014683003916128655
1176,23,26,0.0014708506033406592
1177,23,27,0.0014840147144946968
1178,23,28,0.0015103375107282772
1179,23,29,0.001553238633298315
1180,23,30,0.0016151066002625157
1181,23,31,0.001700231352332048
1182,23,32,0.0018173405681431178
1183,23,33,0.001978557750681648
1184,23,34,0.0021997406459588094
1185,23,35,0.0025047229315154256
1186,23,36,0.0029312245520297436
1187,23,37,0.003538810961972922
1188,23,38,0.004430006057210266
1189,23,39,0.005729738176614046
1190,23,40,0.007556462617218494
1191,23,41,0.009972384369373321
1192,23,42,0.013016991728544236
1193,23,43,0.016769382816553116
1194,23,44,0.021266849368810653
1195,23,45,0.026196571958065032
1196,23,46,0.030917862462997436
1197,23,47,0.03465393829345703
1198,23,48,0.03697016823291779
1199,23,49,0.0379461452960968
1200,24,0,0.0026148774455767125
1201,24,1,0.0025516925322823228
1202,24,2,0.0024889451418537646
1203,24,3,0.0024266790908062832
1204,24,4,0.002365053895395249
1205,24,5,0.002304077740968205
1206,24,6,0.0022437703477684407
1207,24,7,0.0021843711961526424
1208,24,8,0.002125949895917438
1209,24,9,0.00206876849780092
1210,24,10,0.002012823119375389
1211,24,11,0.001958057403494604
1212,24,12,0.0019048041477566584
1213,24,13,0.0018529386305948718
1214,24,14,0.0018030496944207697
1215,24,15,0.0017555581794527824
1216,24,16,0.0017106738942849916
1217,24,17,0.0016687130604870618
1218,24,18,0.0016297472435224335
1219,24,19,0.0015941720720322337
1220,24,20,0.0015624347595556173
1221,24,21,0.0015346211399824823
1222,24,22,0.0015116709189896937
1223,24,23,0.0014936572325459565
1224,24,24,0.0014814683335454902
1225,24,25,0.0014762956214864971
1226,24,26,0.0014797997535031754
1227,24,27,0.0014948486336623318
1228,24,28,0.0015238114261796
1229,24,29,0.0015700338748865761
1230,24,30,0.001636510461976286
1231,24,31,0.0017284514821963967
1232,24,32,0.0018554915109969443
1233,24,33,0.002031845731753856
1234,24,34,0.0022745817619841545
1235,24,35,0.0026140207855030895
1236,24,36,0.0030943454527761786
1237,24,37,0.003796536616422236
1238,24,38,0.004842195048555732
1239,24,39,0.006373790347576141
1240,24,40,0.008518074925243854
1241,24,41,0.01135045263171196
1242,24,42,0.014943818199634551
1243,24,43,0.019359882467985152
1244,24,44,0.024395090413093568
1245,24,45,0.02944924885034561
1246,24,46,0.03363590567111969
1247,24,47,0.036430928778648376
1248,24,48,0.03775094501972198
1249,24,49,0.03794215886592865
1250,25,0,0.0026598096738103777
1251,25,1,0.0025946865001227706
1252,25,2,0.0025299464147537946
1253,25,3,0.00246573982401751
1254,25,4,0.002402190817077644
1255,25,5,0.002339506559353322
1256,25,6,0.0022774007121101024
1257,25,7,0.0022160346790682526
1258,25,8,0.0021557289604563264
1259,25,9,0.0020966710803564637
1260,25,10,0.0020390487022814343
1261,25,11,0.0019825303591089324
1262,25,12,0.0019275896467966958
1263,25,13,0.001874507266690489
1264,25,14,0.0018232959828572348
1265,25,15,0.00177428568971809
1266,25,16,0.0017279013666906394
1267,25,17,0.0016846571775269695
1268,25,18,0.0016447931061731652
1269,25,19,0.0016083924130070955
1270,25,20,0.001575800409342628
1271,25,21,0.001547472482334706
1272,25,22,0.0015241431961243506
1273,25,23,0.0015064587657165247
1274,25,24,0.0014948218972378527
1275,25,25,0.0014907622172642733
1276,25,26,0.0014958099844836396
1277,25,27,0.0015130677075270796
1278,25,28,0.0015452236960692971
1279,25,29,0.0015957591312944714
1280,25,30,0.0016682289394797409
1281,25,31,0.0017692503757381927
1282,25,32,0.001909836944163544
1283,25,33,0.0021041958778980187
1284,25,34,0.002375507402815856
1285,25,35,0.0027592436275677757
1286,25,36,0.0033124407815746963
1287,25,37,0.004138396324776113
1288,25,38,0.005384870524331928
1289,25,39,0.007220975801348686
1290,25,40,0.009780517056584358
1291,25,41,0.013172140961885452
1292,25,42,0.017463278090953827
1293,25,43,0.022547127425670624
1294,25,44,0.027859433817863464
1295,25,45,0.032508058321475984
1296,25,46,0.035782074761390684
1297,25,47,0.0374933660030365
1298,25,48,0.037900162887573245
1299,25,49,0.03758823220729828
1300,26,0,0.0027100372642278672
1301,26,1,0.0026429382000584156
1302,26,2,0.0025762811496853827
1303,26,3,0.0025101450310088696
1304,26,4,0.002444668191438541
1305,26,5,0.00237986828093417
1306,26,6,0.002315974669111893
1307,26,7,0.002252947948873043
1308,26,8,0.0021908755232114344
1309,26,9,0.0021300472363131122
1310,26,10,0.0020704667845391667
1311,26,11,0.002012230355211068
1312,26,12,0.0019555880475323646
1313,26,13,0.0019008846340933816
1314,26,14,0.0018483449472812936
1315,26,15,0.0017980793746304698
1316,26,16,0.0017503830449772067
1317,26,17,0.0017059282325033564
1318,26,18,0.001665030690538697
1319,26,19,0.0016280546324444003
1320,26,20,0.0015950947138248012
1321,26,21,0.0015664934373780853
1322,26,22,0.0015432339967082953
1323,26,23,0.0015259953037748345
1324,26,24,0.0015152806002821308
1325,26,25,0.0015128528528963216
1326,26,26,0.0015202362644253298
1327,26,27,0.0015409068843640853
1328,26,28,0.0015771345813438528
1329,26,29,0.0016335494870028924
1330,26,30,0.0017143534085596911
1331,26,31,0.0018273946354413057
1332,26,32,0.001984432594612008
1333,26,33,0.002203685509663774
1334,26,34,0.002513237630215008
1335,26,35,0.002957065694173798
1336,26,36,0.0036112319541163744
1337,26,37,0.004602833130210638
1338,26,38,0.006113866426795721
1339,26,39,0.008357559615373612
1340,26,40,0.011493665498495101
1341,26,41,0.015611559879779816
1342,26,42,0.020659426349401475
1343,26,43,0.026187962448596953
1344,26,44,0.031274502766132355
1345,26,45,0.03506435158252716
1346,26,46,0.037162623238563536
1347,26,47,0.03782678174972534
1348,26,48,0.037589049172401426
1349,26,49,0.037220828747749325
1350,27,0,0.0027660208182409404
1351,27,1,0.002697025138977915
1352,27,2,0.002628409979399294
1353,27,3,0.002560363907366991
1354,27,4,0.0024927435482852162
1355,27,5,0.002425857235491276
1356,27,6,0.0023600001089507713
1357,27,7,0.0022952607216546314
1358,27,8,0.0022314736440079285
1359,27,9,0.0021689057142706587
1360,27,10,0.002107607929583173
1361,27,11,0.0020477109184372237
1362,27,12,0.0019895051931845954
1363,27,13,0.001933265488781035
1364,27,14,0.0018794271869701333
1365,27,15,0.0018280602263752372
1366,27,16,0.0017793774285062682
1367,27,17,0.0017339184469834436
1368,27,18,0.0016920832948759197
1369,27,19,0.0016543379180191551
1370,27,20,0.001621263745467877
1371,27,21,0.0015928060048783664
1372,27,22,0.001569952221319545
1373,27,23,0.0015534470083279303
1374,27,24,0.0015444973890902474
1375,27,25,0.0015446528514206875
1376,27,26,0.001556121802663256
1377,27,27,0.0015807311145414132
1378,27,28,0.0016229083452533814
1379,27,29,0.0016875924167354243
1380,27,30,0.0017800504999555414
1381,27,31,0.0019087270359246758
1382,27,32,0.002088298872462474
1383,27,33,0.00234187467508018
1384,27,34,0.0027047277096193282
1385,27,35,0.00323386309617199
1386,27,36,0.004029413381963968
1387,27,37,0.005252403187006712
1388,27,38,0.00713976539671421
1389,27,39,0.009944496607780457
1390,27,40,0.013842309567332269
1391,27,41,0.018807363271713257
1392,27,42,0.0244581582903862
1393,27,43,0.02993881733417511
1394,27,44,0.0342343710899353
1395,27,45,0.03682759864330292
1396,27,46,0.03771557576656342
1397,27,47,0.0376031406879425
1398,27,48,0.037247319769859316
1399,27,49,0.03696674618721008
1400,28,0,0.0028282671023160217
1401,28,1,0.002757186138443649
1402,28,2,0.002686593386577442
1403,28,3,0.0026165860305540265
1404,28,4,0.0025470900539308785
1405,28,5,0.0024783099338877945
1406,28,6,0.0024104767237091438
1407,28,7,0.0023437682817690074
1408,28,8,0.0022781477011973037
1409,28,9,0.0022137146334163843
1410,28,10,0.0021507473937002943
1411,28,11,0.002089294823468663
1412,28,12,0.00202964556699153
1413,28,13,0.001972272476600483
1414,28,14,0.0019173251241329126
1415,28,15,0.0018649122303468176
1416,28,16,0.00181562601828482
1417,28,17,0.001769491631904384
1418,28,18,0.001727158656012034
1419,28,19,0.0016891761967795902
1420,28,20,0.001656148478804971
1421,28,21,0.001628218745312188
1422,28,22,0.001606426084972918
1423,28,23,0.0015915998157172
1424,28,24,0.0015852545682893833
1425,28,25,0.0015892971534529352
1426,28,26,0.0016055821807531175
1427,28,27,0.0016370851282539662
1428,28,28,0.0016880892498753383
1429,28,29,0.0017639247612823965
1430,28,30,0.001871936508892395
1431,28,31,0.0020226721910468768
1432,28,32,0.002234337563964073
1433,28,33,0.0025367601944948546
1434,28,34,0.0029767034528777004
1435,28,35,0.0036307841178961097
1436,28,36,0.004632630190625786
1437,28,37,0.006201938527449965
1438,28,38,0.008637742422521114
1439,28,39,0.01222095462679863
1440,28,40,0.01702118889093399
1441,28,41,0.02271879334449768
1442,28,42,0.02856416310071945
1443,28,43,0.033333784568309786
1444,28,44,0.03642107799053192
1445,28,45,0.037645306396484376
1446,28,46,0.037621172213554384
1447,28,47,0.03729731507301331
1448,28,48,0.037027275013923645
1449,28,49,0.03685182332992554
1450,29,0,0.002898186832387
1451,29,1,0.0028250769918784497
1452,29,2,0.0027523761538788675
1453,29,3,0.0026802559228613974
1454,29,4,0.0026088639486115425
1455,29,5,0.0025382743341848253
1456,29,6,0.002468516955990344
1457,29,7,0.002399773065559566
1458,29,8,0.002332278589112684
1459,29,9,0.0022662270629080013
1460,29,10,0.002201622018800117
1461,29,11,0.0021387021987698974
1462,29,12,0.0020776288885623216
1463,29,13,0.002018888362403959
1464,29,14,0.0019629829393234106
1465,29,15,0.0019100372300483285
1466,29,16,0.0018603783307014966
1467,29,17,0.0018143679050845094
1468,29,18,0.0017724087879410946
1469,29,19,0.0017347166536026634
1470,29,20,0.0017022311176056973
1471,29,21,0.0016760456987656653
1472,29,22,0.0016565832672320539
1473,29,23,0.0016446930444071767
1474,29,24,0.0016422946976294042
1475,29,25,0.0016513007807021495
1476,29,26,0.0016745744305066183
1477,29,27,0.001715681745915208
1478,29,28,0.0017791802146486589
1479,29,29,0.0018704075443733018
1480,29,30,0.002000500752040534
1481,29,31,0.0021831141640024725
1482,29,32,0.0024427635219646617
1483,29,33,0.002818345022876747
1484,29,34,0.0033751232706941666
1485,29,35,0.004219818769209087
1486,29,36,0.0055436695914715525
1487,29,37,0.007643011514097452
1488,29,38,0.010873356822133064
1489,29,39,0.015432909935712814
1490,29,40,0.021071758311986922
1491,29,41,0.0270821213722229
1492,29,42,0.0323777043223381
1493,29,43,0.03594858334064484
1494,29,44,0.03756525971889496
1495,29,45,0.037685527181625364
1496,29,46,0.03737366087436676
1497,29,47,0.037123287916183474
1498,29,48,0.0369234742641449
1499,29,49,0.03681257748603821
1500,30,0,0.002976945301424712
1501,30,1,0.002901738850120455
1502,30,2,0.0028270338898524643
1503,30,3,0.0027528754194267096
1504,30,4,0.0026794173347298054
1505,30,5,0.002606921191141009
1506,30,6,0.0025354048151522875
1507,30,7,0.002464908080874011
1508,30,8,0.0023956479276996106
1509,30,9,0.0023278903209604323
1510,30,10,0.002261732830107212
1511,30,11,0.002197301950864494
1512,30,12,0.0021350787461036818
1513,30,13,0.002075618792534806
1514,30,14,0.0020193743799463847
1515,30,15,0.0019664798639481887
1516,30,16,0.001917012854712084
1517,30,17,0.0018709516801056452
1518,30,18,0.0018295716528664344
1519,30,19,0.0017932269899640233
1520,30,20,0.0017628361842420418
1521,30,21,0.0017390782028087414
1522,30,22,0.001722880072548287
1523,30,23,0.0017158107822295278
1524,30,24,0.001719449388262001
1525,30,25,0.0017359839045937406
1526,30,26,0.001769522929674713
1527,30,27,0.0018238390645332401
1528,30,28,0.0019040244988573248
1529,30,29,0.002019112207632861
1530,30,30,0.002181393949536141
1531,30,31,0.002413627554749837
1532,30,32,0.0027472059000981973
1533,30,33,0.0032407089985441416
1534,30,34,0.0039820321720093485
1535,30,35,0.005136278377845883
1536,30,36,0.006979364703595638
1537,30,37,0.009882563811540604
1538,30,38,0.01415240561068058
1539,30,39,0.01966080338358879
1540,30,40,0.025731962013244628
1541,30,41,0.031363889825344084
1542,30,42,0.03541487729549408
1543,30,43,0.037453981232643124
1544,30,44,0.037748485851287844
1545,30,45,0.037452534484863284
1546,30,46,0.03722710022926331
1547,30,47,0.037014487290382383
1548,30,48,0.03688878722190857
1549,30,49,0.03683030135631561
1550,31,0,0.003065760045312345
1551,31,1,0.002988442547712475
1552,31,2,0.002911795454379171
1553,31,3,0.0028358218112029135
1554,31,4,0.0027606818122789265
1555,31,5,0.0026863387010991574
1556,31,6,0.0026130652802530676
1557,31,7,0.0025409456918481736
1558,31,8,0.0024702168454416094
1559,31,9,0.0024010323451831937
1560,31,10,0.002333567105513066
1561,31,11,0.002268159932247363
1562,31,12,0.002205503651779145
1563,31,13,0.0021457479065516965
1564,31,14,0.0020891844210680576
1565,31,15,0.002035899727314245
1566,31,16,0.001986885731248185
1567,31,17,0.001942388058034703
1568,31,18,0.0019030777840642259
1569,31,19,0.0018695577136415523
1570,31,20,0.0018424082310695667
1571,31,21,0.0018230958193482364
1572,31,22,0.0018127177328045945
1573,31,23,0.0018127315862744582
1574,31,24,0.00182481713911111
1575,31,25,0.0018534397360490402
1576,31,26,0.0019017686041333946
1577,31,27,0.001974760834450717
1578,31,28,0.0020816594081319636
1579,31,29,0.0022328872171230615
1580,31,30,0.002447543502622284
1581,31,31,0.002757620351482183
1582,31,32,0.0032146364127285778
1583,31,33,0.0038997213539667427
1584,31,34,0.004956410656124353
1585,31,35,0.006636805302649737
1586,31,36,0.009298756131529808
1587,31,37,0.013283255553245544
1588,31,38,0.018595726078748702
1589,31,39,0.024626362240314482
1590,31,40,0.03041340757608414
1591,31,41,0.03489045907258988
1592,31,42,0.03729532535076141
1593,31,43,0.037818382930755616
1594,31,44,0.03754441878795624
1595,31,45,0.037303710079193114
1596,31,46,0.03710736062526703
1597,31,47,0.03699034960269928
1598,31,48,0.03695836389064789
1599,31,49,0.036966907453536986
1600,32,0,0.0031671033713035284
1601,32,1,0.0030878649020567536
1602,32,2,0.003009330372232944
1603,32,3,0.002931517858337611
1604,32,4,0.0028544026118703185
1605,32,5,0.0027781384935602546
1606,32,6,0.0027031657447107137
1607,32,7,0.0026295800880994646
1608,32,8,0.002557657868694514
1609,32,9,0.0024876092292834074
1610,32,10,0.002419345185207203
1611,32,11,0.0023535408911295234
1612,32,12,0.0022909832369536164
1613,32,13,0.002231156718218699
1614,32,14,0.0021748612717725335
1615,32,15,0.0021226934292353688
1616,32,16,0.0020753332174383104
1617,32,17,0.0020335332111571917
1618,32,18,0.0019976956694736144
1619,32,19,0.001968532402103301
1620,32,20,0.0019474791644664947
1621,32,21,0.0019354032368049958
1622,32,22,0.0019337264763307758
1623,32,23,0.0019443146083678584
1624,32,24,0.001970820852468023
1625,32,25,0.002017273239954375
1626,32,26,0.0020884213544399245
1627,32,27,0.002192053445070633
1628,32,28,0.002339840475883102
1629,32,29,0.0025487876570143273
1630,32,30,0.0028510929521755315
1631,32,31,0.0032953901497879997
1632,32,32,0.003960834725759923
1633,32,33,0.004983533362671733
1634,32,34,0.00659124539643526
1635,32,35,0.009125035931169987
1636,32,36,0.012908151805400848
1637,32,37,0.017998381173610686
1638,32,38,0.023909168803691865
1639,32,39,0.029711294436454774
1640,32,40,0.034385493791103366
1641,32,41,0.037102862811088565
1642,32,42,0.037883369159698484
1643,32,43,0.037686310815811155
1644,32,44,0.03742387409210205
1645,32,45,0.037228120517730716
1646,32,46,0.03713003799915314
1647,32,47,0.037129703545570374
1648,32,48,0.037148763728141784
1649,32,49,0.037284774255752565
1650,33,0,0.003283168264478445
1651,33,1,0.003201959859021008
1652,33,2,0.0031214270666241645
1653,33,3,0.003041581037081778
1654,33,4,0.0029627311936579644
1655,33,5,0.0028850544875487685
1656,33,6,0.00280880158348009
1657,33,7,0.0027341555084101857
1658,33,8,0.002661351007549092
1659,33,9,0.0025907230886165053
1660,33,10,0.002522330487286672
1661,33,11,0.002456691029667854
1662,33,12,0.002394228247506544
1663,33,13,0.002335444409539923
1664,33,14,0.002280971428612247
1665,33,15,0.002231470207241364
1666,33,16,0.0021874316855799406
1667,33,17,0.0021501612459425812
1668,33,18,0.002119900346512441
1669,33,19,0.002098042451008223
1670,33,20,0.00208599733565934
1671,33,21,0.0020847213174565696
1672,33,22,0.002096827075845795
1673,33,23,0.0021249513549963014
1674,33,24,0.0021734183330321686
1675,33,25,0.002247515828104224
1676,33,26,0.0023556929416721686
1677,33,27,0.0025087540811568033
1678,33,28,0.0027248804644448683
1679,33,29,0.0030361417601117865
1680,33,30,0.003490694204461761
1681,33,31,0.0041710525773465635
1682,33,32,0.005212001011893153
1683,33,33,0.006834364351630211
1684,33,34,0.009351122859120369
1685,33,35,0.013052727347612382
1686,33,36,0.017961027723550797
1687,33,37,0.023684332048892975
1688,33,38,0.029380912578105926
1689,33,39,0.03407404019832611
1690,33,40,0.036945695090293884
1691,33,41,0.03797358067035675
1692,33,42,0.03791419291496277
1693,33,43,0.03764002692699432
1694,33,44,0.03743415970802307
1695,33,45,0.037328189992904666
1696,33,46,0.03737460913658142
1697,33,47,0.03738603429794311
1698,33,48,0.037518455791473386
1699,33,49,0.03779048807621002
1700,34,0,0.0034150763979181645
1701,34,1,0.0033321307172998788
1702,34,2,0.0032499814976006745
1703,34,3,0.0031687670731917025
1704,34,4,0.0030887082118541
1705,34,5,0.003010094203054905
1706,34,6,0.0029330652778968213
1707,34,7,0.0028578489972278477
1708,34,8,0.0027846909251995383
1709,34,9,0.002713777164230123
1710,34,10,0.002645896187098697
1711,34,11,0.002581265904987231
1712,34,12,0.002520534908073023
1713,34,13,0.0024642950917594135
1714,34,14,0.0024132281079422683
1715,34,15,0.0023683581038378178
1716,34,16,0.002330286835390143
1717,34,17,0.002300492428825237
1718,34,18,0.0022794499987969174
1719,34,19,0.0022688808962586337
1720,34,20,0.0022706874177674764
1721,34,21,0.0022866885953000747
1722,34,22,0.0023205706542590633
1723,34,23,0.002375953644583933
1724,34,24,0.0024596901220735163
1725,34,25,0.0025793253917247056
1726,34,26,0.0027480875333887526
1727,34,27,0.002984950686711818
1728,34,28,0.0033236586202285254
1729,34,29,0.003814348451909609
1730,34,30,0.004544718431588262
1731,34,31,0.005655412790179253
1732,34,32,0.007371371199935675
1733,34,33,0.00997951046526432
1734,34,34,0.013710249319672584
1735,34,35,0.018511286073923112
1736,34,36,0.024025848472118378
1737,34,37,0.02950494796037674
1738,34,38,0.03407397983074188
1739,34,39,0.03692975423336029
1740,34,40,0.0381275251865387
1741,34,41,0.038247400617599486
1742,34,42,0.03798782982826233
1743,34,43,0.03775251820087433
1744,34,44,0.03758458886146546
1745,34,45,0.037618869495391845
1746,34,46,0.037665504574775695
1747,34,47,0.037784894132614134
1748,34,48,0.0380750269651413
1749,34,49,0.038456121444702146
1750,35,0,0.0035666929269209504
1751,35,1,0.003482338840328157
1752,35,2,0.0033990544700995087
1753,35,3,0.003316975874453783
1754,35,4,0.003236289365403354
1755,35,5,0.0031571863630786537
1756,35,6,0.0030796976396813987
1757,35,7,0.003004139720927924
1758,35,8,0.002931336635630578
1759,35,9,0.002861656920518726
1760,35,10,0.0027959223609417675
1761,35,11,0.0027342427116818727
1762,35,12,0.002677196101145819
1763,35,13,0.0026256258125882596
1764,35,14,0.0025806637320667505
1765,35,15,0.002543300649058074
1766,35,16,0.0025146090850234034
1767,35,17,0.0024961705498863012
1768,35,18,0.0024894925164990127
1769,35,19,0.0024965994676109404
1770,35,20,0.0025201538617024197
1771,35,21,0.0025634992180159316
1772,35,22,0.002632056663976982
1773,35,23,0.0027323079010238872
1774,35,24,0.002873380245093722
1775,35,25,0.0030697242060792633
1776,35,26,0.003342087981721852
1777,35,27,0.0037273872858844697
1778,35,28,0.004284775529243052
1779,35,29,0.005105179341509938
1780,35,30,0.006335485845990479
1781,35,31,0.00821208258420229
1782,35,32,0.010999326406419277
1783,35,33,0.014854261028766632
1784,35,34,0.019635506051778794
1785,35,35,0.02493829573392868
1786,35,36,0.03011982136964798
1787,35,37,0.03443467009067536
1788,35,38,0.03715809869766235
1789,35,39,0.0383994193315506
1790,35,40,0.03866076748371124
1791,35,41,0.03842216401100159
1792,35,42,0.038159854984283446
1793,35,43,0.03793116674423218
1794,35,44,0.03786303997039795
1795,35,45,0.037951594495773316
1796,35,46,0.03808725454807282
1797,35,47,0.03840548782348633
1798,35,48,0.038819666647911075
1799,35,49,0.03926768295764923
1800,36,0,0.003741440039873123
1801,36,1,0.0036564277060329915
1802,36,2,0.0035725406993180513
1803,36,3,0.0034900438597425818
1804,36,4,0.0034092789195477964
1805,36,5,0.003330087275803089
1806,36,6,0.0032532787788659336
1807,36,7,0.0031793863920494916
1808,36,8,0.003108827627450228
1809,36,9,0.003042204550560564
1810,36,10,0.0029804035724140705
1811,36,11,0.002923840468004346
1812,36,12,0.0028732927579432728
1813,36,13,0.00282994020790793
1814,36,14,0.0027951877436134965
1815,36,15,0.002770283150486648
1816,36,16,0.002756323253177106
1817,36,17,0.002755599124217406
1818,36,18,0.0027709709636867044
1819,36,19,0.0028055647260276603
1820,36,20,0.0028630704924231397
1821,36,21,0.002950564398453571
1822,36,22,0.0030754265372641386
1823,36,23,0.00324812524211593
1824,36,24,0.003485512438719161
1825,36,25,0.003811948560946621
1826,36,26,0.004267503105616197
1827,36,27,0.004919118230417371
1828,36,28,0.0058687369929626585
1829,36,29,0.007273336273059249
1830,36,30,0.009367878505587578
1831,36,31,0.012399985232949258
1832,36,32,0.016443853652477265
1833,36,33,0.021271285742521285
1834,36,34,0.026376779663562774
1835,36,35,0.03119060127735138
1836,36,36,0.03513259422779083
1837,36,37,0.03762689538002014
1838,36,38,0.03880221364498138
1839,36,39,0.039124344277381894
1840,36,40,0.038889816427230835
1841,36,41,0.038621933507919315
1842,36,42,0.03833637387752533
1843,36,43,0.03816022827625275
1844,36,44,0.03823040549755097
1845,36,45,0.038427163505554196
1846,36,46,0.0387938746213913
1847,36,47,0.03924478497505188
1848,36,48,0.039701319217681885
1849,36,49,0.04016561963558197
1850,37,0,0.0039431167885661126
1851,37,1,0.003858342346549034
1852,37,2,0.0037747028462588785
1853,37,3,0.003692734158039093
1854,37,4,0.003612904380261898
1855,37,5,0.003536062290519476
1856,37,6,0.003462191340699792
1857,37,7,0.0033917515171691774
1858,37,8,0.003325481752306223
1859,37,9,0.003264601236395538
1860,37,10,0.0032096584863960742
1861,37,11,0.0031614917958155274
1862,37,12,0.0031210857225582003
1863,37,13,0.0030902693280950187
1864,37,14,0.0030707513616420328
1865,37,15,0.003064497603941709
1866,37,16,0.0030736770358867943
1867,37,17,0.003101319009903818
1868,37,18,0.003150995178567246
1869,37,19,0.003228259002882987
1870,37,20,0.0033414745189249517
1871,37,21,0.0035006374530028553
1872,37,22,0.003716760208969936
1873,37,23,0.00400999301658012
1874,37,24,0.004408852503821253
1875,37,25,0.004958517937920987
1876,37,26,0.005736407459620387
1877,37,27,0.0068524741593748335
1878,37,28,0.008476054855063558
1879,37,29,0.010836726233363151
1880,37,30,0.014149657338857652
1881,37,31,0.018411002385616302
1882,37,32,0.023293276262283325
1883,37,33,0.028206130754947663
1884,37,34,0.032585392248630524
1885,37,35,0.03607555104494095
1886,37,36,0.038253405904769895
1887,37,37,0.039267390465736386
1888,37,38,0.039613601851463315
1889,37,39,0.039368838930130004
1890,37,40,0.03905930011272431
1891,37,41,0.03873875341415405
1892,37,42,0.0385057042837143
1893,37,43,0.0385630343914032
1894,37,44,0.03879670119285584
1895,37,45,0.039256300234794615
1896,37,46,0.039722590947151186
1897,37,47,0.040173092818260196
1898,37,48,0.04060407712459564
1899,37,49,0.04096304657459259
1900,38,0,0.0041766720190644264
1901,38,1,0.004093079692870379
1902,38,2,0.0040114341340959075
1903,38,3,0.003932248183339834
1904,38,4,0.0038559990111738445
1905,38,5,0.003783073186688125
1906,38,6,0.003714022581651807
1907,38,7,0.003649723354913294
1908,38,8,0.0035911452900618313
1909,38,9,0.0035392847122624515
1910,38,10,0.0034950644135475157
1911,38,11,0.0034597839277237656
1912,38,12,0.003435327124595642
1913,38,13,0.003424328406620771
1914,38,14,0.003428800556436181
1915,38,15,0.0034513959932141007
1916,38,16,0.0034953818107023834
1917,38,17,0.0035659685037098825
1918,38,18,0.0036699006388895214
1919,38,19,0.003816997233591974
1920,38,20,0.004018927786173299
1921,38,21,0.004291372604994103
1922,38,22,0.004654793385509401
1923,38,23,0.005144514037854969
1924,38,24,0.005815128788445145
1925,38,25,0.006748271586000919
1926,38,26,0.008068087416142225
1927,38,27,0.009949682562053204
1928,38,28,0.012602806927263737
1929,38,29,0.01619494581222534
1930,38,30,0.02065656664967537
1931,38,31,0.02555715426206589
1932,38,32,0.030246025454998018
1933,38,33,0.0341875812292099
1934,38,34,0.03718788374662399
1935,38,35,0.03897919478416443
1936,38,36,0.039737165546417236
1937,38,37,0.040052788400650026
1938,38,38,0.03980177881717682
1939,38,39,0.03941106507778168
1940,38,40,0.039079552030563354
1941,38,41,0.03887653348445892
1942,38,42,0.03893868718147278
1943,38,43,0.039236554193496705
1944,38,44,0.03970997784137726
1945,38,45,0.04025762915611267
1946,38,46,0.04065469450950623
1947,38,47,0.041041753959655765
1948,38,48,0.041356987452507016
1949,38,49,0.04165828251838684
1950,39,0,0.0044476482424885035
1951,39,1,0.004367995563521981
1952,39,2,0.004290777967870235
1953,39,3,0.004216748468205332
1954,39,4,0.00414618002846837
1955,39,5,0.004079973417147994
1956,39,6,0.004019341416284442
1957,39,7,0.003965196042507887
1958,39,8,0.003918646740913391
1959,39,9,0.0038807723296806216
1960,39,10,0.0038530918696895243
1961,39,11,0.0038379023963585495
1962,39,12,0.003838299774006009
1963,39,13,0.003857068850286305
1964,39,14,0.0038972889613360165
1965,39,15,0.003963130997121334
1966,39,16,0.004061172096803785
1967,39,17,0.0041989498924463985
1968,39,18,0.004387284732144326
1969,39,19,0.004641592856869102
1970,39,20,0.004980788128636777
1971,39,21,0.005430747688002884
1972,39,22,0.006031181737966835
1973,39,23,0.006841909108869731
1974,39,24,0.007959666334465145
1975,39,25,0.009511482625454664
1976,39,26,0.011667354734241962
1977,39,27,0.014616293320059776
1978,39,28,0.01846573788523674
1979,39,29,0.023061951470375062
1980,39,30,0.02790815358161926
1981,39,31,0.03234881048202515
1982,39,32,0.03587062538862228
1983,39,33,0.038400563311576846
1984,39,34,0.03978585386276245
1985,39,35,0.04020480494499207
1986,39,36,0.0404258359670639
1987,39,37,0.04009855275154114
1988,39,38,0.03965776932239533
1989,39,39,0.03931577920913696
1990,39,40,0.03916903166770935
1991,39,41,0.03927232871055603
1992,39,42,0.039636887216567995
1993,39,43,0.04016478097438812
1994,39,44,0.04070540633201599
1995,39,45,0.04118873949050903
1996,39,46,0.04150178337097168
1997,39,47,0.0417788809299469
1998,39,48,0.04201814248561859
1999,39,49,0.04233091778755188
2000,40,0,0.004765283278375864
2001,40,1,0.004691617984324693
2002,40,2,0.004621482344716787
2003,40,3,0.004555519986897707
2004,40,4,0.004494219364970922
2005,40,5,0.004439120134338737
2006,40,6,0.0043912933323532344
2007,40,7,0.004352445663511753
2008,40,8,0.004323952333256603
2009,40,9,0.0043073740050196645
2010,40,10,0.004305534746870399
2011,40,11,0.004321159552410245
2012,40,12,0.004358060036599636
2013,40,13,0.004420291676558554
2014,40,14,0.004513829193264246
2015,40,15,0.004644543627649545
2016,40,16,0.004823211750388146
2017,40,17,0.0050630856731906536
2018,40,18,0.0053818167053163056
2019,40,19,0.005801373719982803
2020,40,20,0.006352666503377259
2021,40,21,0.007079177453368902
2022,40,22,0.008048521225899458
2023,40,23,0.009364127135276795
2024,40,24,0.011156009308248758
2025,40,25,0.013581462542712688
2026,40,26,0.016795860520005226
2027,40,27,0.02083328655362129
2028,40,28,0.025479143226146698
2029,40,29,0.030201473116874693
2030,40,30,0.03436272940635681
2031,40,31,0.03751027575731278
2032,40,32,0.03961702647209168
2033,40,33,0.040613275361061095
2034,40,34,0.04070519995689392
2035,40,35,0.040729586172103885
2036,40,36,0.0402889447927475
2037,40,37,0.039784942722320554
2038,40,38,0.03944492270946503
2039,40,39,0.03934182920455933
2040,40,40,0.039489807224273685
2041,40,41,0.03993293464183807
2042,40,42,0.04055038876533508
2043,40,43,0.04109555277824402
2044,40,44,0.04160243833065033
2045,40,45,0.04199750218391418
2046,40,46,0.04223416323661804
2047,40,47,0.0424474928855896
2048,40,48,0.0427295912027359
2049,40,49,0.0430980566740036
2050,41,0,0.0051371674962341785
2051,41,1,0.005073124239593744
2052,41,2,0.005013664986938238
2053,41,3,0.004959760474413633
2054,41,4,0.004912996391952038
2055,41,5,0.004874682814627886
2056,41,6,0.0048465510711073875
2057,41,7,0.004830339846014976
2058,41,8,0.004828483805432915
2059,41,9,0.004843450780585408
2060,41,10,0.0048789308253675695
2061,41,11,0.004938785841315985
2062,41,12,0.005029422549903393
2063,41,13,0.005157170412689448
2064,41,14,0.005328960311040282
2065,41,15,0.0055570336658507585
2066,41,16,0.005857166709005833
2067,41,17,0.0062496547203511
2068,41,18,0.006760903583094478
2069,41,19,0.0074243133570998905
2070,41,20,0.008287827629223466
2071,41,21,0.009426308954507112
2072,41,22,0.010940429884195328
2073,41,23,0.012959909138083458
2074,41,24,0.015625389164686202
2075,41,25,0.01905075412988663
2076,41,26,0.023183837378025055
2077,41,27,0.0277641366481781
2078,41,28,0.03228916290998459
2079,41,29,0.03615866740942001
2080,41,30,0.0389557302236557
2081,41,31,0.04069658024311066
2082,41,32,0.041372871494293216
2083,41,33,0.041187246203422546
2084,41,34,0.04098472940921784
2085,41,35,0.04038733901977539
2086,41,36,0.03979824628829956
2087,41,37,0.03945726940631866
2088,41,38,0.03938265545368195
2089,41,39,0.03955963814258576
2090,41,40,0.04010138511657715
2091,41,41,0.04082843542098999
2092,41,42,0.041409856843948364
2093,41,43,0.04195305609703064
2094,41,44,0.04238665447235107
2095,41,45,0.042717066621780396
2096,41,46,0.042935349321365356
2097,41,47,0.043193225502967836
2098,41,48,0.043536125922203066
2099,41,49,0.044001991295814516
2100,42,0,0.0055734617047011855
2101,42,1,0.005523122375458479
2102,42,2,0.005479434275627137
2103,42,3,0.005443920327723026
2104,42,4,0.00541821131631732
2105,42,5,0.005404076228290797
2106,42,6,0.005404105321317911
2107,42,7,0.00542073478102684
2108,42,8,0.0054569892749190335
2109,42,9,0.005516834499686957
2110,42,10,0.005606516423821449
2111,42,11,0.005731405635923147
2112,42,12,0.005898711097985506
2113,42,13,0.006119031162559986
2114,42,14,0.006405332367867231
2115,42,15,0.006774575956910849
2116,42,16,0.007249047588557005
2117,42,17,0.007857869895547629
2118,42,18,0.008640237760543823
2119,42,19,0.009647500389814377
2120,42,20,0.010950141343474388
2121,42,21,0.012652201667428017
2122,42,22,0.014873644185066223
2123,42,23,0.01773204579651356
2124,42,24,0.02128193302154541
2125,42,25,0.025411641490459443
2126,42,26,0.029831359946727753
2127,42,27,0.034068390667438504
2128,42,28,0.03761327370405197
2129,42,29,0.04009039173126221
2130,42,30,0.04153200509548187
2131,42,31,0.041937768149375915
2132,42,32,0.04160750334262848
2133,42,33,0.041180427670478824
2134,42,34,0.0404057140827179
2135,42,35,0.03972458245754242
2136,42,36,0.03934899730682373
2137,42,37,0.03929865207672119
2138,42,38,0.039511293077468874
2139,42,39,0.04013414659500122
2140,42,40,0.040998714590072635
2141,42,41,0.04165642597675324
2142,42,42,0.04219697856903076
2143,42,43,0.042670536756515505
2144,42,44,0.04309945764541626
2145,42,45,0.04346159512996674
2146,42,46,0.04371720142364502
2147,42,47,0.044051829552650454
2148,42,48,0.044506985807418825
2149,42,49,0.045115460181236265
2150,43,0,0.006085765208303929
2151,43,1,0.006055842290818691
2152,43,2,0.006035081405192613
2153,43,3,0.006025074329227209
2154,43,4,0.006028491139411926
2155,43,5,0.006048236703872681
2156,43,6,0.0060876278556883335
2157,43,7,0.006149946216493845
2158,43,8,0.006239939147233963
2159,43,9,0.0063640067912638185
2160,43,10,0.0065284404315054416
2161,43,11,0.006742238355427981
2162,43,12,0.007016380129009485
2163,43,13,0.007366073147207499
2164,43,14,0.007810411999374628
2165,43,15,0.008372996985167264
2166,43,16,0.009084519066661596
2167,43,17,0.009987690989673137
2168,43,18,0.011133009923994542
2169,43,19,0.0125881471067667
2170,43,20,0.014453518542647361
2171,43,21,0.016832742467522623
2172,43,22,0.019816008001565934
2173,43,23,0.02339624003171921
2174,43,24,0.02742423949241638
2175,43,25,0.031594263434410096
2176,43,26,0.035492737865448
2177,43,27,0.03867342113256454
2178,43,28,0.040844408774375916
2179,43,29,0.04201608490943909
2180,43,30,0.04227784984111786
2181,43,31,0.041869756150245664
2182,43,32,0.04127497546672821
2183,43,33,0.040357194685935974
2184,43,34,0.039577860593795776
2185,43,35,0.03917079613208771
2186,43,36,0.039122866797447205
2187,43,37,0.03937956902980804
2188,43,38,0.04004439451694489
2189,43,39,0.041037449169158934
2190,43,40,0.04179295091629028
2191,43,41,0.0423648243188858
2192,43,42,0.04291101317405701
2193,43,43,0.04339623675346375
2194,43,44,0.043883013200759886
2195,43,45,0.04428195397853851
2196,43,46,0.04462265913486481
2197,43,47,0.04508362865447998
2198,43,48,0.04568022034168243
2199,43,49,0.04639588477611542
2200,44,0,0.006688405266404152
2201,44,1,0.006685252977907658
2202,44,2,0.0066950415506958965
2203,44,3,0.006720067390799523
2204,44,4,0.006764215096831322
2205,44,5,0.006830546547472477
2206,44,6,0.0069233353316783906
2207,44,7,0.007047562795877457
2208,44,8,0.0072100677192211155
2209,44,9,0.007418559467792511
2210,44,10,0.007683013178408146
2211,44,11,0.008015999791026115
2212,44,12,0.008433581088483334
2213,44,13,0.008956368017196655
2214,44,14,0.009608022479712963
2215,44,15,0.010422846320271493
2216,44,16,0.011439652812480926
2217,44,17,0.01270546881556511
2218,44,18,0.01428782847225666
2219,44,19,0.01627888875901699
2220,44,20,0.018766694581508637
2221,44,21,0.02179726815223694
2222,44,22,0.025320548611879348
2223,44,23,0.029157862067222595
2224,44,24,0.03301012531518936
2225,44,25,0.03651277574300766
2226,44,26,0.039304305744171146
2227,44,27,0.04117620365619659
2228,44,28,0.04215402159690857
2229,44,29,0.04234113218784332
2230,44,30,0.04192685244083404
2231,44,31,0.041233657360076906
2232,44,32,0.0402322954416275
2233,44,33,0.03938758461475372
2234,44,34,0.03894720096588135
2235,44,35,0.03888211915493012
2236,44,36,0.039178459668159485
2237,44,37,0.03985030164718628
2238,44,38,0.04091333458423615
2239,44,39,0.04182239499092102
2240,44,40,0.042469707894325255
2241,44,41,0.04310262403488159
2242,44,42,0.04365576570034027
2243,44,43,0.04420725359916687
2244,44,44,0.044753462982177736
2245,44,45,0.045222198152542116
2246,44,46,0.0456950544834137
2247,44,47,0.04630492069721222
2248,44,48,0.047040066742897034
2249,44,49,0.04788221867084503
2250,45,0,0.007393529212474823
2251,45,1,0.0074266700744628905
2252,45,2,0.007477579140663147
2253,45,3,0.007549602876603603
2254,45,4,0.007646936346590519
2255,45,5,0.007773885555565357
2256,45,6,0.007936090539395809
2257,45,7,0.008141106702387333
2258,45,8,0.00839753256291151
2259,45,9,0.008715676578879356
2260,45,10,0.00910987404435873
2261,45,11,0.009597577652335166
2262,45,12,0.010197848071157933
2263,45,13,0.010935101988911629
2264,45,14,0.011841307625174522
2265,45,15,0.012954583528637886
2266,45,16,0.014319153699278832
2267,45,17,0.015996743911504744
2268,45,18,0.01807440566420555
2269,45,19,0.020610016918182372
2270,45,20,0.02361261773109436
2271,45,21,0.026992908096313478
2272,45,22,0.030564939737319947
2273,45,23,0.03404079840183258
2274,45,24,0.037118497562408446
2275,45,25,0.03952094283103943
2276,45,26,0.041129656982421874
2277,45,27,0.04195709114074707
2278,45,28,0.04213347520828247
2279,45,29,0.04176535882949829
2280,45,30,0.04104180998802185
2281,45,31,0.03999887261390686
2282,45,32,0.039162597870826724
2283,45,33,0.038682063794136044
2284,45,34,0.038593202567100526
2285,45,35,0.03891036660671234
2286,45,36,0.03959834749698639
2287,45,37,0.04068223192691803
2288,45,38,0.04173025898933411
2289,45,39,0.04251053059101105
2290,45,40,0.043220745635032656
2291,45,41,0.04386580057144165
2292,45,42,0.04448336160182953
2293,45,43,0.04510647776126862
2294,45,44,0.04573749477863312
2295,45,45,0.04631782281398773
2296,45,46,0.046952646040916445
2297,45,47,0.04774459385871887
2298,45,48,0.048673369097709654
2299,45,49,0.049700083017349246
2300,46,0,0.008217076136171817
2301,46,1,0.008296382109820843
2302,46,2,0.008399265311658383
2303,46,3,0.008530458205938339
2304,46,4,0.008694787061214447
2305,46,5,0.008897736430168153
2306,46,6,0.009147872051596641
2307,46,7,0.009454140044748783
2308,46,8,0.009828901991248131
2309,46,9,0.0102848439514637
2310,46,10,0.01083750365972519
2311,46,11,0.01150803305208683
2312,46,12,0.012321612933278084
2313,46,13,0.013305886307358742
2314,46,14,0.014495280739665032
2315,46,15,0.01593202672302723
2316,46,16,0.017671865624189376
2317,46,17,0.019788054430484772
2318,46,18,0.022311393547058106
2319,46,19,0.025211497485637665
2320,46,20,0.0283838206410408
2321,46,21,0.03162904106378555
2322,46,22,0.034703179967403415
2323,46,23,0.037371259582042696
2324,46,24,0.03941927883625031
2325,46,25,0.04078241219520569
2326,46,26,0.04152225031852722
2327,46,27,0.04171325125694275
2328,46,28,0.04140653789043427
2329,46,29,0.04069867947101593
2330,46,30,0.039674761867523195
2331,46,31,0.0389025582075119
2332,46,32,0.038410811138153075
2333,46,33,0.038297957444190976
2334,46,34,0.03860133044719696
2335,46,35,0.039302698755264286
2336,46,36,0.0403644113779068
2337,46,37,0.04150283927917481
2338,46,38,0.04245961780548096
2339,46,39,0.04326204190254211
2340,46,40,0.04399476730823517
2341,46,41,0.04469157328605652
2342,46,42,0.04539494888782501
2343,46,43,0.04610758652687073
2344,46,44,0.046856589460372924
2345,46,45,0.04760730690956116
2346,46,46,0.048493328166007994
2347,46,47,0.04948048787117004
2348,46,48,0.050545600819587706
2349,46,49,0.0516829270362854
2350,47,0,0.009168537157773972
2351,47,1,0.009304421177506447
2352,47,2,0.009470732653141021
2353,47,3,0.009673857372999192
2354,47,4,0.00991999075114727
2355,47,5,0.010216813784837723
2356,47,6,0.01057422993183136
2357,47,7,0.01100334629714489
2358,47,8,0.011516443440318108
2359,47,9,0.012129379373788834
2360,47,10,0.012862947902083397
2361,47,11,0.013739792647957803
2362,47,12,0.014784868761897087
2363,47,13,0.016029145723581315
2364,47,14,0.017509198528528214
2365,47,15,0.019276837569475173
2366,47,16,0.021385397922992707
2367,47,17,0.02383423924446106
2368,47,18,0.026579028975963592
2369,47,19,0.02948799968957901
2370,47,20,0.03238303915262222
2371,47,21,0.03507898128032684
2372,47,22,0.03735982655286789
2373,47,23,0.039109800267219545
2374,47,24,0.04028884103298187
2375,47,25,0.040962644839286806
2376,47,26,0.041152012348175046
2377,47,27,0.040892517161369324
2378,47,28,0.040264620733261106
2379,47,29,0.03931740038394928
2380,47,30,0.038633625745773316
2381,47,31,0.03816512475013733
2382,47,32,0.03802597773075104
2383,47,33,0.038310098576545715
2384,47,34,0.03895482110977173
2385,47,35,0.03998629200458527
2386,47,36,0.04120393264293671
2387,47,37,0.042296329855918885
2388,47,38,0.04321282320022583
2389,47,39,0.04403658192157745
2390,47,40,0.04481514644622803
2391,47,41,0.04560269739627838
2392,47,42,0.04640063815116882
2393,47,43,0.04724495308399201
2394,47,44,0.04822531962394715
2395,47,45,0.049205759215354916
2396,47,46,0.050259335255622865
2397,47,47,0.051378372836112976
2398,47,48,0.052562852668762206
2399,47,49,0.05378704559803009
2400,48,0,0.010254493263363838
2401,48,1,0.010458500683307647
2402,48,2,0.010701743590831756
2403,48,3,0.010990092632174491
2404,48,4,0.011332569742202758
2405,48,5,0.011738187655806542
2406,48,6,0.012217543560266496
2407,48,7,0.012782489091157914
2408,48,8,0.013449301037192345
2409,48,9,0.014235426864027977
2410,48,10,0.015160269367694854
2411,48,11,0.016248000586032867
2412,48,12,0.017522169828414917
2413,48,13,0.019019041365385056
2414,48,14,0.020782166409492493
2415,48,15,0.022842551875114442
2416,48,16,0.02517912245988846
2417,48,17,0.02772270576953888
2418,48,18,0.030350643455982207
2419,48,19,0.032921550953388216
2420,48,20,0.035255462622642515
2421,48,21,0.03721418476104736
2422,48,22,0.03872353637218475
2423,48,23,0.03975111613273621
2424,48,24,0.04035366113185883
2425,48,25,0.04052221126556396
2426,48,26,0.04032489116191864
2427,48,27,0.03982179932594299
2428,48,28,0.038979654908180235
2429,48,29,0.03839736096858978
2430,48,30,0.03796644141674042
2431,48,31,0.03781603560447693
2432,48,32,0.03806124589443207
2433,48,33,0.038638666653633115
2434,48,34,0.03959945452213287
2435,48,35,0.04083086919784546
2436,48,36,0.04201524686813354
2437,48,37,0.04305861918926239
2438,48,38,0.04398768701553345
2439,48,39,0.04485235657691956
2440,48,40,0.045724887371063234
2441,48,41,0.046612330603599546
2442,48,42,0.04758958694934845
2443,48,43,0.048663195753097535
2444,48,44,0.04983146929740906
2445,48,45,0.05098183398246765
2446,48,46,0.0521619567155838
2447,48,47,0.05340291485786438
2448,48,48,0.05468354721069336
2449,48,49,0.05597960197925567
2450,49,0,0.011483247366547584
2451,49,1,0.0117645288169384
2452,49,2,0.012093930351734162
2453,49,3,0.012479223534464836
2454,49,4,0.012928777554631234
2455,49,5,0.013451898828148841
2456,49,6,0.014061023810505866
2457,49,7,0.014770741832256316
2458,49,8,0.015596901780366898
2459,49,9,0.016555506545305253
2460,49,10,0.017666167771816253
2461,49,11,0.01895403597354889
2462,49,12,0.02044888744354248
2463,49,13,0.02218298193216324
2464,49,14,0.0241645254611969
2465,49,15,0.02635795739889145
2466,49,16,0.02868962309360504
2467,49,17,0.03105511839389801
2468,49,18,0.03331411031484604
2469,49,19,0.03533566912412643
2470,49,20,0.037029408049583434
2471,49,21,0.038333267951011656
2472,49,22,0.039232089829444886
2473,49,23,0.03975265669822693
2474,49,24,0.03989784233570099
2475,49,25,0.039783753871917724
2476,49,26,0.0393957554101944
2477,49,27,0.038690709495544436
2478,49,28,0.0382039938211441
2479,49,29,0.03781662573814392
2480,49,30,0.03765897376537323
2481,49,31,0.03786208665370941
2482,49,32,0.03835873055458069
2483,49,33,0.039245705676078796
2484,49,34,0.040460657215118406
2485,49,35,0.04168444094657898
2486,49,36,0.042791173005104065
2487,49,37,0.04386173281669617
2488,49,38,0.0448067316532135
2489,49,39,0.04577210428714752
2490,49,40,0.04677834250926972
2491,49,41,0.047845083594322206
2492,49,42,0.04900129373073578
2493,49,43,0.0502637937784195
2494,49,44,0.05161051478385925
2495,49,45,0.052869894695281985
2496,49,46,0.05417743668556213
2497,49,47,0.05551773965358734
2498,49,48,0.056867176365852354
2499,49,49,0.0582127788066864
